stream,state,settlers,stream_total,state_total,stream_share_pct,state_share_pct,path,color
Skilled,New South Wales,489213,1606471,763968,30.45,64.04,"M197.00,95.00 C471.00,95.00 471.00,95.00 745.00,95.00 L745.00,176.22 C471.00,176.22 471.00,176.22 197.00,176.22 Z",#315B7D
Skilled,Victoria,493451,1606471,750483,30.72,65.75,"M197.00,176.22 C471.00,176.22 471.00,231.84 745.00,231.84 L745.00,313.77 C471.00,313.77 471.00,258.15 197.00,258.15 Z",#315B7D
Skilled,Queensland,227530,1606471,351293,14.16,64.77,"M197.00,258.15 C471.00,258.15 471.00,366.44 745.00,366.44 L745.00,404.22 C471.00,404.22 471.00,295.92 197.00,295.92 Z",#315B7D
Skilled,Western Australia,181423,1606471,259504,11.29,69.91,"M197.00,295.92 C471.00,295.92 471.00,434.76 745.00,434.76 L745.00,464.88 C471.00,464.88 471.00,326.05 197.00,326.05 Z",#315B7D
Skilled,South Australia,120683,1606471,165479,7.51,72.93,"M197.00,326.05 C471.00,326.05 471.00,487.85 745.00,487.85 L745.00,507.88 C471.00,507.88 471.00,346.08 197.00,346.08 Z",#315B7D
Skilled,Australian Capital Territory,43868,1606471,56047,2.73,78.27,"M197.00,346.08 C471.00,346.08 471.00,525.32 745.00,525.32 L745.00,532.61 C471.00,532.61 471.00,353.37 197.00,353.37 Z",#315B7D
Skilled,Tasmania,31076,1606471,37936,1.93,81.92,"M197.00,353.37 C471.00,353.37 471.00,544.63 745.00,544.63 L745.00,549.79 C471.00,549.79 471.00,358.53 197.00,358.53 Z",#315B7D
Skilled,Northern Territory,19227,1606471,24539,1.2,78.35,"M197.00,358.53 C471.00,358.53 471.00,560.93 745.00,560.93 L745.00,564.12 C471.00,564.12 471.00,361.72 197.00,361.72 Z",#315B7D
Family,New South Wales,212866,620758,763968,34.29,27.86,"M197.00,385.72 C471.00,385.72 471.00,176.22 745.00,176.22 L745.00,211.56 C471.00,211.56 471.00,421.06 197.00,421.06 Z",#43A829
Family,Victoria,190198,620758,750483,30.64,25.34,"M197.00,421.06 C471.00,421.06 471.00,313.77 745.00,313.77 L745.00,345.34 C471.00,345.34 471.00,452.64 197.00,452.64 Z",#43A829
Family,Queensland,98688,620758,351293,15.9,28.09,"M197.00,452.64 C471.00,452.64 471.00,404.22 745.00,404.22 L745.00,420.60 C471.00,420.60 471.00,469.02 197.00,469.02 Z",#43A829
Family,Western Australia,68238,620758,259504,10.99,26.3,"M197.00,469.02 C471.00,469.02 471.00,464.88 745.00,464.88 L745.00,476.21 C471.00,476.21 471.00,480.35 197.00,480.35 Z",#43A829
Family,South Australia,31445,620758,165479,5.07,19.0,"M197.00,480.35 C471.00,480.35 471.00,507.88 745.00,507.88 L745.00,513.11 C471.00,513.11 471.00,485.57 197.00,485.57 Z",#43A829
Family,Australian Capital Territory,9908,620758,56047,1.6,17.68,"M197.00,485.57 C471.00,485.57 471.00,532.61 745.00,532.61 L745.00,534.25 C471.00,534.25 471.00,487.22 197.00,487.22 Z",#43A829
Family,Tasmania,4870,620758,37936,0.78,12.84,"M197.00,487.22 C471.00,487.22 471.00,549.79 745.00,549.79 L745.00,550.60 C471.00,550.60 471.00,488.03 197.00,488.03 Z",#43A829
Family,Northern Territory,4545,620758,24539,0.73,18.52,"M197.00,488.03 C471.00,488.03 471.00,564.12 745.00,564.12 L745.00,564.87 C471.00,564.87 471.00,488.78 197.00,488.78 Z",#43A829
Humanitarian,New South Wales,61889,182020,763968,34.0,8.1,"M197.00,512.78 C471.00,512.78 471.00,211.56 745.00,211.56 L745.00,221.84 C471.00,221.84 471.00,523.06 197.00,523.06 Z",#D97A34
Humanitarian,Victoria,66834,182020,750483,36.72,8.91,"M197.00,523.06 C471.00,523.06 471.00,345.34 745.00,345.34 L745.00,356.44 C471.00,356.44 471.00,534.15 197.00,534.15 Z",#D97A34
Humanitarian,Queensland,25075,182020,351293,13.78,7.14,"M197.00,534.15 C471.00,534.15 471.00,420.60 745.00,420.60 L745.00,424.76 C471.00,424.76 471.00,538.31 197.00,538.31 Z",#D97A34
Humanitarian,Western Australia,9843,182020,259504,5.41,3.79,"M197.00,538.31 C471.00,538.31 471.00,476.21 745.00,476.21 L745.00,477.85 C471.00,477.85 471.00,539.95 197.00,539.95 Z",#D97A34
Humanitarian,South Australia,13351,182020,165479,7.33,8.07,"M197.00,539.95 C471.00,539.95 471.00,513.11 745.00,513.11 L745.00,515.32 C471.00,515.32 471.00,542.17 197.00,542.17 Z",#D97A34
Humanitarian,Australian Capital Territory,2271,182020,56047,1.25,4.05,"M197.00,542.17 C471.00,542.17 471.00,534.25 745.00,534.25 L745.00,534.63 C471.00,534.63 471.00,542.54 197.00,542.54 Z",#D97A34
Humanitarian,Tasmania,1990,182020,37936,1.09,5.25,"M197.00,542.54 C471.00,542.54 471.00,550.60 745.00,550.60 L745.00,550.93 C471.00,550.93 471.00,542.87 197.00,542.87 Z",#D97A34
Humanitarian,Northern Territory,767,182020,24539,0.42,3.13,"M197.00,542.87 C471.00,542.87 471.00,564.87 745.00,564.87 L745.00,565.00 C471.00,565.00 471.00,543.00 197.00,543.00 Z",#D97A34
