SA2_CODE_2021,total_population,australia_born,country_birth_not_stated,overseas_born,overseas_percent
101021007,4343,3422,387,534,12.3
101021008,8517,6522,511,1484,17.42
101021009,11342,7697,597,3048,26.87
101021010,5085,3593,235,1257,24.72
101021012,12744,10156,399,2189,17.18
101021610,6224,4808,208,1208,19.41
101021611,16539,13507,935,2097,12.68
101031013,2454,2005,260,189,7.7
101031014,6761,5264,386,1111,16.43
101031015,3472,2749,323,400,11.52
101031016,8035,6316,564,1155,14.37
101041017,8581,6678,633,1270,14.8
101041018,8938,6762,753,1423,15.92
101041019,8872,7348,672,852,9.6
101041020,9557,7727,778,1052,11.01
101041021,3792,3081,251,460,12.13
101041022,43,28,10,5,11.63
101041023,3425,2692,330,403,11.77
101041024,3525,2753,403,369,10.47
101041025,11513,9158,676,1679,14.58
101041026,8600,6785,786,1029,11.97
101041027,9888,7644,818,1426,14.42
101051539,24565,20465,1445,2655,10.81
101051540,13839,11310,1242,1287,9.3
101061541,6763,5796,334,633,9.36
101061542,12713,10538,745,1430,11.25
101061543,11004,9329,777,898,8.16
101061544,7677,6402,767,508,6.62
102011028,7513,5857,242,1414,18.82
102011029,11042,8766,420,1856,16.81
102011030,4716,3526,436,754,15.99
102011031,14758,11044,577,3137,21.26
102011032,21204,14848,1182,5174,24.4
102011033,6485,5109,172,1204,18.57
102011034,7615,5977,366,1272,16.7
102011035,7157,5596,178,1383,19.32
102011036,8205,6642,202,1361,16.59
102011037,6571,4889,232,1450,22.07
102011038,7160,5935,250,975,13.62
102011039,14849,11169,645,3035,20.44
102011040,24697,18973,1497,4227,17.12
102011041,10675,8690,374,1611,15.09
102011042,14346,10776,854,2716,18.93
102011043,11423,8654,566,2203,19.29
102021044,22825,19040,1244,2541,11.13
102021045,11290,9718,448,1124,9.96
102021046,9728,8121,588,1019,10.47
102021047,16006,13497,546,1963,12.26
102021048,22362,18056,1541,2765,12.36
102021049,3420,2886,148,386,11.29
102021050,10960,9045,619,1296,11.82
102021051,4928,3955,186,787,15.97
102021052,6492,5524,275,693,10.67
102021053,15839,12437,1119,2283,14.41
102021054,9909,8130,653,1126,11.36
102021055,5229,4025,195,1009,19.3
102021056,20051,15862,778,3411,17.01
102021057,9120,6957,676,1487,16.3
103011059,12330,10712,577,1041,8.44
103011060,6909,5894,481,534,7.73
103011061,4834,3667,644,523,10.82
103011612,10752,8566,646,1540,14.32
103011613,14313,12372,657,1284,8.97
103021062,6372,5242,823,307,4.82
103021063,9273,7958,663,652,7.03
103021064,5716,4680,660,376,6.58
103021065,10020,8595,987,438,4.37
103021066,3597,3082,316,199,5.53
103021067,10919,9472,789,658,6.03
103021068,3262,2782,337,143,4.38
103021069,5525,4664,547,314,5.68
103031070,12385,10177,907,1301,10.5
103031071,8448,6927,722,799,9.46
103031072,12563,10826,690,1047,8.33
103031073,3398,2688,397,313,9.21
103031074,11072,9148,1117,807,7.29
103031075,0,0,0,0,0
103041076,7517,6548,506,463,6.16
103041077,19023,15777,1318,1928,10.14
103041078,22895,19290,1026,2579,11.26
103041079,11830,10205,908,717,6.06
104011080,19255,16785,1335,1135,5.89
104011081,16875,14057,1405,1413,8.37
104011082,17533,14445,1217,1871,10.67
104021083,6168,4701,511,956,15.5
104021084,18099,13941,1215,2943,16.26
104021085,11305,8154,958,2193,19.4
104021086,3950,3212,303,435,11.01
104021087,3250,2545,348,357,10.98
104021088,10262,8279,333,1650,16.08
104021089,20066,16728,1038,2300,11.46
104021090,4907,4067,371,469,9.56
104021091,14463,11035,759,2669,18.45
105011092,3428,2652,610,166,4.84
105011093,4129,3177,653,299,7.24
105011094,3926,3226,577,123,3.13
105011095,4591,3843,480,268,5.84
105011096,5534,3620,1464,450,8.13
105021097,17588,15119,1567,902,5.13
105021098,2288,1778,420,90,3.93
105031099,7921,6280,1173,468,5.91
105031100,10633,8764,930,939,8.83
105031101,19628,15684,1480,2464,12.55
105031102,10317,8351,944,1022,9.91
105031103,5963,5110,617,236,3.96
105031104,4398,3700,550,148,3.37
105031105,6458,5278,927,253,3.92
105031106,8769,7161,954,654,7.46
106011107,12770,11124,501,1145,8.97
106011108,23495,20527,1228,1740,7.41
106011109,9145,7859,531,755,8.26
106011110,9541,8492,530,519,5.44
106011111,20631,18535,970,1126,5.46
106011112,17018,14527,928,1563,9.18
106011113,5332,4500,484,348,6.53
106021114,8611,7508,329,774,8.99
106021116,8727,7818,258,651,7.46
106021614,17981,15318,772,1891,10.52
106021615,17730,15333,772,1625,9.17
106021616,7976,6957,460,559,7.01
106021617,10091,8947,394,750,7.43
106021618,15899,13778,327,1794,11.28
106031119,6449,5162,366,921,14.28
106031120,6887,5759,368,760,11.04
106031121,21972,17085,1034,3853,17.54
106031122,14588,12486,924,1178,8.08
106031123,5693,5106,202,385,6.76
106031124,5804,4369,515,920,15.85
106031125,15020,13004,625,1391,9.26
106041126,12272,10391,794,1087,8.86
106041127,4083,3479,309,295,7.23
106041128,6035,5021,331,683,11.32
106041129,8194,6928,646,620,7.57
107011131,24195,19295,922,3978,16.44
107011132,12155,9858,279,2018,16.6
107011133,5,3,0,2,40.0
107011134,15280,11753,516,3011,19.71
107011545,14200,9660,758,3782,26.63
107011546,9740,6253,735,2752,28.25
107011547,4239,3328,275,636,15.0
107021135,9,7,0,2,22.22
107031136,19026,16037,606,2383,12.52
107031137,6920,5553,328,1039,15.01
107031138,8786,6843,334,1609,18.31
107031139,6063,5074,239,750,12.37
107031140,8136,6787,367,982,12.07
107031141,19341,15646,578,3117,16.12
107031142,10590,8001,509,2080,19.64
107031143,20397,15313,1426,3658,17.93
107041144,21519,15885,908,4726,21.96
107041145,16041,12362,712,2967,18.5
107041146,22773,16577,893,5303,23.29
107041147,9135,7720,219,1196,13.09
107041148,11957,9649,323,1985,16.6
107041150,20761,17160,665,2936,14.14
107041548,16020,10560,755,4705,29.37
107041549,16551,10600,875,5076,30.67
108011151,5235,4280,508,447,8.54
108011152,14709,11999,1006,1704,11.58
108011153,6988,5494,656,838,11.99
108011154,6376,5325,383,668,10.48
108021155,15654,13215,1411,1028,6.57
108021156,9472,7723,917,832,8.78
108021157,5189,4360,380,449,8.65
108021158,7111,5588,717,806,11.33
108021159,8102,6567,757,778,9.6
108021160,5628,4702,379,547,9.72
108031161,445,333,42,70,15.73
108041162,18484,15613,875,1996,10.8
108041164,21147,16783,1269,3095,14.64
108041165,5301,4412,437,452,8.53
108041166,12796,11089,685,1022,7.99
108041619,11764,9507,546,1711,14.54
108041620,17284,14337,559,2388,13.82
108051167,5310,4479,394,437,8.23
108051168,12476,10292,781,1403,11.25
108051169,21123,17513,1823,1787,8.46
108051170,13044,10829,1018,1197,9.18
108051171,5395,4659,375,361,6.69
109011172,17831,15251,634,1946,10.91
109011173,10527,8517,823,1187,11.28
109011174,10519,8482,656,1381,13.13
109011175,12507,10651,1081,775,6.2
109011176,15665,12229,1053,2383,15.21
109021177,2897,2318,380,199,6.87
109021178,6511,5252,845,414,6.36
109021179,3648,2787,538,323,8.85
109031180,5595,4797,363,435,7.77
109031181,7262,6097,666,499,6.87
109031182,7038,5879,739,420,5.97
109031183,6837,5753,717,367,5.37
109031184,6930,5885,495,550,7.94
109031185,9778,8028,981,769,7.86
110011186,23967,17731,2297,3939,16.44
110011187,4527,3610,568,349,7.71
110011188,5894,5054,395,445,7.55
110011189,3144,2622,348,174,5.53
110021190,8931,7287,970,674,7.55
110021191,12057,10055,1118,884,7.33
110021192,5200,4224,619,357,6.87
110021193,5734,4903,590,241,4.2
110021194,6810,5497,722,591,8.68
110031195,7845,5877,1452,516,6.58
110031196,5356,3783,1357,216,4.03
110031197,6898,5958,604,336,4.87
110031198,4616,3741,699,176,3.81
110041199,9745,8332,857,556,5.71
110041200,4369,3705,493,171,3.91
110041201,7551,6276,912,363,4.81
110041202,21360,18196,1429,1735,8.12
110041203,16517,13446,1079,1992,12.06
110041204,5998,4713,754,531,8.85
110041205,19038,16702,1310,1026,5.39
111011206,17864,15574,646,1644,9.2
111011207,5680,4982,274,424,7.46
111011208,25254,21685,806,2763,10.94
111011209,24588,21300,688,2600,10.57
111011210,9504,7981,698,825,8.68
111011211,3785,3234,169,382,10.09
111011212,12559,10684,495,1380,10.99
111011213,12568,10776,243,1549,12.32
111011214,14694,12473,472,1749,11.9
111021215,10135,8641,546,948,9.35
111021216,9691,8183,346,1162,11.99
111021217,16375,13954,485,1936,11.82
111021218,18129,14924,749,2456,13.55
111021219,13961,11811,591,1559,11.17
111021220,9467,8026,413,1028,10.86
111021221,7254,6606,234,414,5.71
111031222,16600,14097,434,2069,12.46
111031223,8561,7424,416,721,8.42
111031224,12772,10026,820,1926,15.08
111031225,17343,14594,565,2184,12.59
111031226,16429,13032,419,2978,18.13
111031227,15526,12691,647,2188,14.09
111031228,14506,12323,412,1771,12.21
111031229,12805,10010,591,2204,17.21
111031230,31,21,5,5,16.13
111031231,12593,8384,1277,2932,23.28
111031232,8824,7385,493,946,10.72
111031233,20958,17038,820,3100,14.79
111031234,12883,10320,666,1897,14.72
111031235,9171,7649,320,1202,13.11
112011236,18629,14996,1321,2312,12.41
112011237,18327,15185,933,2209,12.05
112011238,6958,4804,801,1353,19.45
112011239,9170,6680,763,1727,18.83
112011240,10914,6942,942,3030,27.76
112011241,5643,4634,612,397,7.04
112011242,9236,7437,436,1363,14.76
112011243,8896,5898,1209,1789,20.11
112021244,12298,10481,1127,690,5.61
112021245,7381,5952,910,519,7.03
112021246,13591,11538,726,1327,9.76
112021247,7611,6097,768,746,9.8
112021248,15229,12519,1186,1524,10.01
112021249,15786,12397,1592,1797,11.38
112031250,14818,11822,757,2239,15.11
112031251,9501,7696,609,1196,12.59
112031252,10352,7759,1291,1302,12.58
112031253,14086,11197,954,1935,13.74
112031254,20563,15104,1654,3805,18.5
112031550,16320,13074,798,2448,15.0
112031551,3324,2746,134,444,13.36
112031552,8423,6236,521,1666,19.78
113011256,20569,13751,1365,5453,26.51
113011257,12760,9919,1612,1229,9.63
113011258,10330,8383,770,1177,11.39
113011259,5905,4966,607,332,5.62
113021260,3522,2860,323,339,9.63
113021261,6667,5557,479,631,9.46
113021262,4744,3883,462,399,8.41
113031263,7705,6600,572,533,6.92
113031264,3715,3027,440,248,6.68
113031265,6351,5398,411,542,8.53
113031266,6603,5842,408,353,5.35
113031267,16921,14560,668,1693,10.01
113031268,5605,4508,305,792,14.13
113031269,22522,18600,1108,2814,12.49
113031270,11962,9590,871,1501,12.55
113031271,17788,15193,1377,1218,6.85
114011272,9489,7444,532,1513,15.94
114011273,3642,2922,173,547,15.02
114011274,5105,4255,254,596,11.67
114011275,62,53,5,4,6.45
114011276,4844,3689,243,912,18.83
114011277,16098,13010,859,2229,13.85
114011278,22584,17989,1812,2783,12.32
114011279,15259,12155,1015,2089,13.69
114011280,4694,3683,440,571,12.16
114011281,3708,2984,279,445,12.0
114011282,17026,13771,1049,2206,12.96
114011283,5822,4687,416,719,12.35
114021284,13626,10009,714,2903,21.3
114021285,6393,5451,194,748,11.7
114021286,10931,8237,482,2212,20.24
114021287,10648,8205,653,1790,16.81
114021288,3829,3016,256,557,14.55
114021289,7250,5505,456,1289,17.78
115011290,24726,13817,556,10353,41.87
115011291,21683,11780,498,9405,43.37
115011294,6361,4632,111,1618,25.44
115011296,12683,6958,216,5509,43.44
115011553,7677,4013,181,3483,45.37
115011554,5670,2983,157,2530,44.62
115011555,12189,6793,301,5095,41.8
115011556,10419,5418,242,4759,45.68
115011557,5183,2730,61,2392,46.15
115011558,19082,8859,267,9956,52.17
115011621,17709,10555,287,6867,38.78
115011622,11375,5541,210,5624,49.44
115021297,22479,16435,653,5391,23.98
115021298,5436,4196,221,1019,18.75
115031299,2846,2160,289,397,13.95
115031300,22161,18968,583,2610,11.78
115041301,11414,9534,434,1446,12.67
115041623,10287,5843,232,4212,40.94
115041624,17401,9399,483,7519,43.21
115041625,17581,10389,245,6947,39.51
116011303,17032,7197,1087,8748,51.36
116011304,20584,9804,1121,9659,46.92
116011306,23384,10439,1227,11718,50.11
116011307,25373,15810,1302,8261,32.56
116011560,12646,6083,663,5900,46.66
116011561,17141,8046,1049,8046,46.94
116011626,14866,7322,655,6889,46.34
116011627,11578,4964,561,6053,52.28
116021309,15829,7633,245,7951,50.23
116021562,3668,1985,28,1655,45.12
116021563,24670,13082,806,10782,43.7
116021628,21058,11036,442,9580,45.49
116021629,15524,6741,584,8199,52.81
116021630,13844,8635,721,4488,32.42
116021631,10011,4653,339,5019,50.13
116021632,25130,10472,1086,13572,54.01
116021633,13034,6636,402,5996,46.0
116031313,18536,10817,2124,5595,30.18
116031314,8374,4436,341,3597,42.95
116031315,21414,10683,997,9734,45.46
116031316,21551,13287,1994,6270,29.09
116031317,22918,10519,1755,10644,46.44
116031318,12,6,4,2,16.67
116031319,22826,10977,1373,10476,45.9
117011320,508,168,89,251,49.41
117011321,12960,8157,596,4207,32.46
117011323,14762,7144,855,6763,45.81
117011324,6,4,0,2,33.33
117011325,19,3,6,10,52.63
117011634,8941,4024,461,4456,49.84
117011635,21573,7570,1099,12904,59.82
117021327,19898,13393,946,5559,27.94
117021328,8278,5174,289,2815,34.01
117021636,12317,7695,554,4068,33.03
117021637,14283,8380,628,5275,36.93
117031329,10615,5597,730,4288,40.4
117031330,19126,11406,792,6928,36.22
117031331,20262,11242,1280,7740,38.2
117031333,18187,9792,1615,6780,37.28
117031336,15828,7715,1114,6999,44.22
117031638,8332,5123,400,2809,33.71
117031639,7803,2340,646,4817,61.73
117031640,14667,9471,669,4527,30.87
117031641,12658,5147,913,6598,52.13
117031642,13670,7131,1051,5488,40.15
117031643,12290,5401,657,6232,50.71
117031644,8004,3062,602,4340,54.22
117031645,19935,3170,1445,15320,76.85
117031646,7410,1981,528,4901,66.14
117031647,16379,6090,1415,8874,54.18
117031648,12622,4075,592,7955,63.02
118011339,19055,10548,1028,7479,39.25
118011340,20705,10969,1155,8581,41.44
118011341,17720,8891,1084,7745,43.71
118011342,0,0,0,0,0
118011344,11122,5924,440,4758,42.78
118011345,14793,9595,597,4601,31.1
118011346,11924,7058,612,4254,35.68
118011347,7454,4721,277,2456,32.95
118011649,14429,8697,585,5147,35.67
118011650,9958,5915,521,3522,35.37
118021564,11809,5830,662,5317,45.02
118021565,13605,6328,580,6697,49.22
118021566,9790,5645,341,3804,38.86
118021567,11084,6077,704,4303,38.82
118021568,9846,4711,305,4830,49.06
118021569,16206,9403,599,6204,38.28
118021570,12735,6638,667,5430,42.64
118021651,19521,11623,829,7069,36.21
118021652,10610,6775,546,3289,31.0
118021653,13412,8272,720,4420,32.96
118021654,5611,3455,339,1817,32.38
119011354,23855,13808,2005,8042,33.71
119011355,1469,664,88,717,48.81
119011356,12773,6740,927,5106,39.97
119011358,17200,10321,726,6153,35.77
119011360,17664,10133,789,6742,38.17
119011361,22484,11055,1471,9958,44.29
119011571,16981,6214,1179,9588,56.46
119011572,18434,6625,1416,10393,56.38
119011655,14637,7680,1061,5896,40.28
119011656,13416,7090,935,5391,40.18
119011657,11340,7907,349,3084,27.2
119011658,15994,11234,484,4276,26.74
119021362,20332,9827,1346,9159,45.05
119021366,21544,9788,1533,10223,47.45
119021367,14577,8191,653,5733,39.33
119021573,17092,5471,1381,10240,59.91
119021574,10135,3446,817,5872,57.94
119021659,11905,3310,621,7974,66.98
119021660,9059,2188,882,5989,66.11
119021661,12220,5410,783,6027,49.32
119021662,17969,11123,618,6228,34.66
119021663,6261,3621,263,2377,37.97
119031370,13791,6574,558,6659,48.29
119031371,12594,8251,314,4029,31.99
119031372,20220,13856,716,5648,27.93
119031373,11606,4384,767,6455,55.62
119031374,25259,12136,971,12152,48.11
119031664,12046,2681,515,8850,73.47
119031665,12109,4758,387,6964,57.51
119031666,14715,9336,425,4954,33.67
119031667,9528,4076,496,4956,52.02
119041377,12973,7504,408,5061,39.01
119041378,13051,4978,687,7386,56.59
119041379,16200,7659,658,7883,48.66
119041380,13896,7450,815,5631,40.52
119041381,19853,7380,1004,11469,57.77
119041382,16659,10615,872,5172,31.05
119041668,16579,7822,1153,7604,45.87
119041669,10145,5774,374,3997,39.4
119041670,15831,6876,624,8331,52.62
119041671,10731,2493,620,7618,70.99
120011383,23113,14232,745,8136,35.2
120011385,18366,12493,704,5169,28.14
120011386,20933,13415,742,6776,32.37
120011672,12842,6690,622,5530,43.06
120011673,11453,2697,490,8266,72.17
120021387,15579,10280,599,4700,30.17
120021389,13824,9293,560,3971,28.73
120021674,9464,6531,473,2460,25.99
120021675,17532,11885,598,5049,28.8
120031392,11999,6532,388,5079,42.33
120031393,17434,9821,820,6793,38.96
120031394,17948,11326,904,5718,31.86
120031395,13520,9034,393,4093,30.27
120031396,20822,5618,1163,14041,67.43
120031576,3636,1823,105,1708,46.97
120031676,11456,5118,448,5890,51.41
120031677,12246,5802,433,6011,49.09
120031678,15942,3720,917,11305,70.91
120031679,10993,5541,390,5062,46.05
120031680,16420,4353,858,11209,68.26
120031681,9253,4648,328,4277,46.22
121011399,21294,10478,712,10104,47.45
121011401,11903,5836,444,5623,47.24
121011682,9406,4398,330,4678,49.73
121011683,13440,8761,325,4354,32.4
121011684,19601,6586,724,12291,62.71
121011685,12928,8458,318,4152,32.12
121011686,15888,9260,446,6182,38.91
121011687,12996,8237,336,4423,34.03
121021403,22057,13627,407,8023,36.37
121021404,11790,8887,150,2753,23.35
121021406,19158,12105,295,6758,35.28
121021577,11943,4421,409,7113,59.56
121021578,10629,5852,307,4470,42.05
121021579,11877,4646,431,6800,57.25
121031407,22433,10595,584,11254,50.17
121031408,24599,14049,588,9962,40.5
121031409,17221,9883,340,6998,40.64
121031410,21665,10978,384,10303,47.56
121031411,20251,12435,357,7459,36.83
121031412,18191,10852,392,6947,38.19
121041413,18905,11578,574,6753,35.72
121041414,17916,10250,518,7148,39.9
121041416,17183,9848,869,6466,37.63
121041417,12441,5982,726,5733,46.08
121041688,13763,8195,500,5068,36.82
121041689,14565,9229,393,4943,33.94
122011418,20732,13586,494,6652,32.09
122011419,22438,12913,869,8656,38.58
122021420,13052,9622,406,3024,23.17
122021421,11243,7997,412,2834,25.21
122021422,13681,10068,364,3249,23.75
122021690,14634,10397,640,3597,24.58
122021691,10874,8019,373,2482,22.83
122031424,14547,9747,424,4376,30.08
122031425,8046,5818,264,1964,24.41
122031427,13161,8439,357,4365,33.17
122031429,21828,14071,741,7016,32.14
122031430,17550,11656,381,5513,31.41
122031432,3786,2833,85,868,22.93
122031692,8652,6043,143,2466,28.5
122031693,13980,9995,469,3516,25.15
122031694,9116,6005,298,2813,30.86
122031695,17816,8706,587,8523,47.84
122031696,17175,11845,281,5049,29.4
122031697,11241,8108,408,2725,24.24
123011433,13295,11099,428,1768,13.3
123011698,6445,5037,135,1273,19.75
123011699,14019,11486,414,2119,15.12
123011700,11241,8742,233,2266,20.16
123011701,19040,15213,448,3379,17.75
123011702,9539,7755,183,1601,16.78
123021436,20011,14098,1197,4716,23.57
123021437,22084,12722,1393,7969,36.08
123021438,20236,13465,1072,5699,28.16
123021439,5,0,0,5,100.0
123021441,16729,11170,806,4753,28.41
123021443,21335,11473,1103,8759,41.05
123021444,21155,14368,1275,5512,26.06
123021703,14868,7496,448,6924,46.57
123021704,10536,4847,487,5202,49.37
123021705,16720,8862,836,7022,42.0
123021706,14198,7481,1000,5717,40.27
123031445,5934,5010,252,672,11.32
123031446,11112,9220,627,1265,11.38
123031447,18987,15969,910,2108,11.1
123031448,9808,8145,577,1086,11.07
124011449,5764,4202,351,1211,21.01
124011450,18993,15811,387,2795,14.72
124011451,7,4,0,3,42.86
124011452,13348,9680,582,3086,23.12
124011453,11445,9213,325,1907,16.66
124011454,21964,18100,575,3289,14.97
124011455,6428,4786,352,1290,20.07
124021456,8,5,0,3,37.5
124031457,16004,12557,856,2591,16.19
124031459,13914,11410,405,2099,15.09
124031460,21002,16357,466,4179,19.9
124031461,17326,13400,787,3139,18.12
124031462,24625,15356,1654,7615,30.92
124031463,12040,9338,329,2373,19.71
124031464,17966,11816,1751,4399,24.49
124031465,6025,5219,192,614,10.19
124031707,17029,13700,752,2577,15.13
124031708,13388,8957,371,4060,30.33
124041466,15239,11971,860,2408,15.8
124041467,15264,12430,780,2054,13.46
124041468,7504,5930,426,1148,15.3
124051469,6486,4586,242,1658,25.56
124051470,19942,13692,853,5397,27.06
124051580,13028,8065,939,4024,30.89
124051581,17325,10183,1861,5281,30.48
125011475,3,3,0,0,0.0
125011582,19487,5262,1646,12579,64.55
125011583,10592,2000,609,7983,75.37
125011584,8860,3621,723,4516,50.97
125011585,8610,3071,485,5054,58.7
125011586,21197,6484,909,13804,65.12
125011587,5138,2116,226,2796,54.42
125011709,9246,4727,306,4213,45.57
125011710,20412,6432,1037,12943,63.41
125021477,24641,12904,1146,10591,42.98
125021478,18508,9130,870,8508,45.97
125021711,11622,5388,244,5990,51.54
125021712,19251,8106,542,10603,55.08
125031479,20842,9774,1605,9463,45.4
125031480,15742,6479,1395,7868,49.98
125031481,23250,8395,1836,13019,56.0
125031483,22386,10406,2461,9519,42.52
125031484,22929,11202,1788,9939,43.35
125031486,10,6,0,4,40.0
125031487,12,0,0,12,100.0
125031713,16645,10734,704,5207,31.28
125031714,23806,9442,2210,12154,51.05
125031715,10893,6427,394,4072,37.38
125031716,7305,3612,523,3170,43.39
125041489,22878,9182,1472,12224,53.43
125041490,8451,4883,210,3358,39.73
125041491,20275,9081,981,10213,50.37
125041493,22853,11845,1128,9880,43.23
125041494,11199,7685,158,3356,29.97
125041588,13939,4871,798,8270,59.33
125041589,21568,6037,1438,14093,65.34
125041717,12062,2249,740,9073,75.22
125041718,9867,2411,547,6909,70.02
125041719,9034,2224,531,6279,69.5
126011496,21737,13170,467,8100,37.26
126011720,14404,6145,360,7899,54.84
126011721,18690,7099,473,11118,59.49
126021498,15456,10165,433,4858,31.43
126021499,9844,6805,366,2673,27.15
126021500,23818,8824,969,14025,58.88
126021501,15622,8204,576,6842,43.8
126021503,20102,8903,600,10599,52.73
126021590,4163,2747,126,1290,30.99
126021722,6969,3904,149,2916,41.84
126021723,18974,7148,679,11147,58.75
126021724,20291,10446,720,9125,44.97
126021725,11972,4994,470,6508,54.36
127011504,17962,9599,1735,6628,36.9
127011505,12533,7215,795,4523,36.09
127011592,25,16,0,9,36.0
127011593,6906,3646,207,3053,44.21
127011594,12919,5783,528,6608,51.15
127011595,13038,6536,470,6032,46.26
127011596,13263,6902,475,5886,44.38
127011597,17194,9726,564,6904,40.15
127011726,4761,3714,206,841,17.66
127011727,14299,9509,391,4399,30.76
127011728,12559,7527,429,4603,36.65
127011729,17624,10964,660,6000,34.04
127021509,17154,7235,760,9159,53.39
127021510,19690,8969,860,9861,50.08
127021511,24101,7419,1451,15231,63.2
127021512,18249,8058,1172,9019,49.42
127021513,22261,7953,1227,13081,58.76
127021514,10279,4498,362,5419,52.72
127021515,18248,5026,1249,11973,65.61
127021516,21249,7386,1185,12678,59.66
127021517,8855,3433,349,5073,57.29
127021518,4344,2852,250,1242,28.59
127021519,19510,8328,900,10282,52.7
127021520,11197,4312,373,6512,58.16
127021521,37,7,5,25,67.57
127031522,16584,8424,761,7399,44.62
127031523,20813,13076,805,6932,33.31
127031524,21129,13991,668,6470,30.62
127031599,12670,6242,1116,5312,41.93
127031601,5937,2041,604,3292,55.45
127031730,12080,5331,593,6156,50.96
127031731,17536,5436,1880,10220,58.28
127031732,13737,5148,1079,7510,54.67
127031733,15692,8308,630,6754,43.04
128011529,18156,14554,417,3185,17.54
128011530,20705,14457,792,5456,26.35
128011531,16430,11559,582,4289,26.1
128011602,12858,9554,542,2762,21.48
128011603,13015,10712,388,1915,14.71
128011604,24374,19214,1006,4154,17.04
128011605,3369,2877,60,432,12.82
128011606,8947,7333,204,1410,15.76
128021533,6673,5728,147,798,11.96
128021534,10554,7904,176,2474,23.44
128021535,20927,16848,320,3759,17.96
128021536,22063,17071,535,4457,20.2
128021537,42,28,16,0,0.0
128021538,23238,17038,734,5466,23.52
128021607,17356,14729,357,2270,13.08
128021608,7348,6281,144,923,12.56
128021609,3539,2991,37,511,14.44
197979799,0,0,0,0,0
199999499,11371,5912,3545,1914,16.83
201011001,16835,13677,514,2644,15.71
201011002,12131,9931,578,1622,13.37
201011005,7261,6225,302,734,10.11
201011006,10661,9041,458,1162,10.9
201011007,4230,3806,92,332,7.85
201011008,15333,13000,990,1343,8.76
201011481,9691,8188,499,1004,10.36
201011482,14750,12844,541,1365,9.25
201011483,12225,10000,676,1549,12.67
201011484,13086,10783,993,1310,10.01
201021009,6559,5253,481,825,12.58
201021010,8085,6626,649,810,10.02
201021011,9955,7503,818,1634,16.41
201021012,6372,5200,514,658,10.33
201031013,3532,2838,359,335,9.48
201031014,4644,3762,436,446,9.6
201031015,4894,4044,388,462,9.44
201031016,8160,6884,561,715,8.76
201031017,5526,4373,594,559,10.12
202011018,14929,12151,990,1788,11.98
202011019,12949,11028,765,1156,8.93
202011020,13988,11683,720,1585,11.33
202011021,9437,8089,415,933,9.89
202011022,21043,17614,1218,2211,10.51
202011023,5518,5054,145,319,5.78
202011024,10719,9457,369,893,8.33
202011025,14446,12331,685,1430,9.9
202021026,8344,7308,473,563,6.75
202021027,11352,9079,769,1504,13.25
202021028,9225,7485,684,1056,11.45
202021029,5062,3912,612,538,10.63
202021030,10562,8331,753,1478,13.99
202021031,7949,6290,397,1262,15.88
202031032,4934,4133,513,288,5.84
202031033,7289,5792,876,621,8.52
203011034,7754,6734,285,735,9.48
203011035,8111,6804,516,791,9.75
203011036,6614,5593,459,562,8.5
203021037,15017,11857,593,2567,17.09
203021039,13504,10335,737,2432,18.01
203021040,21200,17151,719,3330,15.71
203021042,24034,18775,746,4513,18.78
203021043,20817,16491,742,3584,17.22
203021044,13272,11048,439,1785,13.45
203021045,15462,12185,1070,2207,14.27
203021046,10445,8588,338,1519,14.54
203021047,15795,10633,753,4409,27.91
203021485,10300,8037,373,1890,18.35
203021486,18325,12281,1464,4580,24.99
203021487,24763,19425,865,4473,18.06
203021488,9051,5712,1046,2293,25.33
203031048,16797,13656,591,2550,15.18
203031049,6234,5041,459,734,11.77
203031051,9536,7233,733,1570,16.46
203031052,5519,4517,375,627,11.36
203031053,24607,20434,1059,3114,12.65
203031489,11333,9160,525,1648,14.54
203031490,19394,16254,918,2222,11.46
204011054,6828,5494,485,849,12.43
204011055,6922,5567,726,629,9.09
204011056,15563,12871,939,1753,11.26
204011057,10517,8370,952,1195,11.36
204011058,4537,3648,393,496,10.93
204011059,6569,5218,611,740,11.27
204011060,4645,3793,380,472,10.16
204011061,238,175,44,19,7.98
204011062,4182,3172,555,455,10.88
204021063,10822,8806,957,1059,9.79
204021064,3781,3135,352,294,7.78
204021065,4047,3567,215,265,6.55
204021066,19882,16758,1173,1951,9.81
204021067,9925,8460,710,755,7.61
204031068,4986,4132,258,596,11.95
204031069,8903,6822,817,1264,14.2
204031070,3184,2676,256,252,7.91
204031071,4745,3783,285,677,14.27
204031072,6196,5092,574,530,8.55
204031073,15396,13082,829,1485,9.65
204031075,5221,4474,365,382,7.32
204031491,12778,10925,356,1497,11.72
204031492,15082,12169,976,1937,12.84
205011076,19773,16210,1144,2419,12.23
205011077,6585,5401,547,637,9.67
205011078,8368,6951,534,883,10.55
205011079,23051,18732,1279,3040,13.19
205021080,0,0,0,0,0
205021081,15684,12735,1177,1772,11.3
205021082,8290,6833,725,732,8.83
205021083,0,0,0,0,0
205021084,11164,8583,1076,1505,13.48
205021085,6727,5247,786,694,10.32
205021086,6977,5468,413,1096,15.71
205031087,9446,7368,876,1202,12.72
205031088,139,102,15,22,15.83
205031089,9842,8087,655,1100,11.18
205031090,11502,9448,816,1238,10.76
205031091,13799,10298,1136,2365,17.14
205031092,16,12,5,0,0.0
205031093,26792,21070,1927,3795,14.16
205041094,11912,9714,923,1275,10.7
205041095,17291,13629,1376,2286,13.22
205041096,14432,10398,1721,2313,16.03
205041098,4707,4072,331,304,6.46
205041493,12000,9657,839,1504,12.53
205041494,16822,13796,861,2165,12.87
205051099,23,14,8,1,4.35
205051100,4915,3869,395,651,13.25
205051101,14756,12389,1160,1207,8.18
205051102,4928,3831,499,598,12.13
205051103,15301,12460,892,1949,12.74
205051104,5605,4431,546,628,11.2
206011106,12738,8403,485,3850,30.22
206011107,14318,9526,484,4308,30.09
206011109,10390,7751,267,2372,22.83
206011495,12890,8594,341,3955,30.68
206011496,12983,8610,438,3935,30.31
206011497,12535,8014,475,4046,32.28
206011498,14031,9811,372,3848,27.42
206021110,8994,6693,257,2044,22.73
206021112,18919,13334,534,5051,26.7
206021499,15068,10946,496,3626,24.06
206021500,10299,7393,349,2557,24.83
206031113,15191,10216,790,4185,27.55
206031115,9065,5067,667,3331,36.75
206031116,16224,11128,515,4581,28.24
206031501,16042,11780,488,3774,23.53
206031502,12191,8625,413,3153,25.86
206041117,16655,6433,1114,9108,54.69
206041118,15493,4601,1362,9530,61.51
206041119,4896,3291,262,1343,27.43
206041120,77,42,0,35,45.45
206041121,10745,7017,396,3332,31.01
206041124,7297,4177,425,2695,36.93
206041125,6423,3797,524,2102,32.73
206041127,0,0,0,0,0
206041503,9848,3019,1071,5758,58.47
206041504,16870,2716,1437,12717,75.38
206041505,15648,3549,1295,10804,69.04
206041506,15637,7636,1368,6633,42.42
206041507,0,0,0,0,0
206041508,6463,2273,441,3749,58.01
206041509,16101,5232,798,10071,62.55
206041510,7446,3059,355,4032,54.15
206051128,15825,9733,703,5389,34.05
206051129,14818,10042,850,3926,26.49
206051130,16192,10632,886,4674,28.87
206051134,15813,9809,877,5127,32.42
206051511,1907,801,267,839,44.0
206051512,11693,6935,656,4102,35.08
206051513,11857,6436,896,4525,38.16
206051514,13858,7475,1235,5148,37.15
206061135,9336,6280,367,2689,28.8
206061136,19119,12118,933,6068,31.74
206061138,12953,8145,809,3999,30.87
206061515,11192,5595,848,4749,42.43
206061516,9939,5718,642,3579,36.01
206071139,9088,5507,494,3087,33.97
206071140,8186,6049,281,1856,22.67
206071141,9179,5359,627,3193,34.79
206071142,10431,6285,883,3263,31.28
206071143,12781,9084,531,3166,24.77
206071145,9855,7381,340,2134,21.65
206071517,17671,12679,752,4240,23.99
206071518,13867,7964,767,5136,37.04
207011146,7952,5510,215,2227,28.01
207011147,16163,8562,455,7146,44.21
207011148,21123,11457,500,9166,43.39
207011149,21232,14017,593,6622,31.19
207011150,16829,11942,418,4469,26.56
207011152,15684,10322,510,4852,30.94
207011154,6482,4515,146,1821,28.09
207011155,15944,10998,415,4531,28.42
207011519,9890,7036,389,2465,24.92
207011520,11957,7815,441,3701,30.95
207011521,11601,7780,301,3520,30.34
207011522,13039,8534,500,4005,30.72
207021156,11289,6335,314,4640,41.1
207021157,24814,10432,821,13561,54.65
207021159,16966,9253,492,7221,42.56
207021160,14191,8118,424,5649,39.81
207021424,15672,7370,332,7970,50.86
207021425,15454,6709,525,8220,53.19
207031161,22106,14117,557,7432,33.62
207031162,10939,6578,327,4034,36.88
207031163,22841,9396,1263,12182,53.33
207031164,18126,9787,503,7836,43.23
207031165,12336,5757,660,5919,47.98
207031166,10675,4839,276,5560,52.08
207031167,10166,6836,288,3042,29.92
208011168,14021,10323,378,3320,23.68
208011169,22758,15725,791,6242,27.43
208011170,16540,11133,504,4903,29.64
208011171,12439,8609,350,3480,27.98
208011172,18200,12482,655,5063,27.82
208011173,17358,12309,607,4442,25.59
208021174,24896,14951,771,9174,36.85
208021176,18534,9969,519,8046,43.41
208021177,22362,13635,917,7810,34.93
208021178,18075,10603,598,6874,38.03
208021179,11904,8019,372,3513,29.51
208021180,7563,4387,216,2960,39.14
208021181,9369,5963,232,3174,33.88
208021182,13128,7099,451,5578,42.49
208021426,16583,9933,474,6176,37.24
208021427,14057,9036,333,4688,33.35
208031183,8853,5587,158,3108,35.11
208031184,31,18,3,10,32.26
208031185,12032,8673,366,2993,24.88
208031186,15204,10928,666,3610,23.74
208031187,5393,3855,182,1356,25.14
208031188,24085,15654,823,7608,31.59
208031189,13563,10542,393,2628,19.38
208031190,13197,9059,334,3804,28.82
208031191,9116,5596,321,3199,35.09
208031192,26,3,0,23,88.46
208031193,21199,15456,561,5182,24.44
208041194,20239,14251,608,5380,26.58
208041195,21923,14781,627,6515,29.72
209011196,9831,6466,321,3044,30.96
209011197,20807,16153,494,4160,19.99
209011198,16039,11179,483,4377,27.29
209011199,14852,9422,887,4543,30.59
209011200,12458,8752,375,3331,26.74
209011201,7740,5825,209,1706,22.04
209011202,16539,13304,434,2801,16.94
209011203,18733,13338,416,4979,26.58
209011204,9236,6986,263,1987,21.51
209021205,10408,5587,504,4317,41.48
209021428,20711,12849,857,7005,33.82
209021429,12696,8497,400,3799,29.92
209021523,14795,8397,781,5617,37.97
209021524,9801,5453,605,3743,38.19
209021525,12799,7489,854,4456,34.82
209021526,14090,9001,609,4480,31.8
209031209,23444,18568,565,4311,18.39
209031210,3554,3061,75,418,11.76
209031211,4204,3367,421,416,9.9
209031212,5091,4144,323,624,12.26
209031213,9454,7407,207,1840,19.46
209031214,6935,5732,197,1006,14.51
209031215,14417,12002,312,2103,14.59
209041216,7350,4272,307,2771,37.7
209041217,6186,3200,312,2674,43.23
209041220,17470,10683,600,6187,35.41
209041221,11240,6676,387,4177,37.16
209041223,19998,8719,961,10318,51.6
209041224,22627,17221,1138,4268,18.86
209041225,10661,7909,761,1991,18.68
209041431,13144,7567,1099,4478,34.07
209041432,8204,4312,469,3423,41.72
209041433,12143,6185,476,5482,45.15
209041435,12595,8388,298,3909,31.04
209041436,12392,8056,371,3965,32.0
209041437,24407,11334,876,12197,49.97
209041527,16299,13042,398,2859,17.54
209041528,10471,7702,252,2517,24.04
209041529,9947,4420,574,4953,49.79
209041530,13513,6593,715,6205,45.92
209041531,11427,7140,348,3939,34.47
209041532,11940,7249,413,4278,35.83
210011226,8173,5899,214,2060,25.2
210011227,13,3,5,5,38.46
210011228,8548,6187,282,2079,24.32
210011230,7460,5680,237,1543,20.68
210011231,10031,7860,230,1941,19.35
210011533,12388,6969,493,4926,39.76
210011534,15073,10201,497,4375,29.03
210021232,14222,11874,511,1837,12.92
210021233,3523,2770,220,533,15.13
210021234,4457,3782,179,496,11.13
210021235,10765,8970,676,1119,10.39
210031236,8425,5389,448,2588,30.72
210031237,14002,6794,880,6328,45.19
210031439,3111,2259,91,761,24.46
210031440,6241,3813,399,2029,32.51
210031535,14783,7628,1011,6144,41.56
210031536,8857,4367,454,4036,45.57
210031537,7898,4812,315,2771,35.08
210031538,17214,11332,699,5183,30.11
210041240,13671,11006,497,2168,15.86
210041539,5237,3753,248,1236,23.6
210041540,14985,11450,683,2852,19.03
210041541,11166,9008,442,1716,15.37
210051242,13859,5738,1427,6694,48.3
210051243,16057,7444,1263,7350,45.77
210051245,18024,11804,771,5449,30.23
210051246,22095,14043,693,7359,33.31
210051247,14890,6893,1114,6883,46.23
210051248,126,54,52,20,15.87
210051250,6576,4015,345,2216,33.7
210051441,8099,4666,456,2977,36.76
210051442,12309,6212,516,5581,45.34
210051443,21673,10475,984,10214,47.13
210051445,23374,11512,1237,10625,45.46
210051542,9842,3953,284,5605,56.95
210051543,12999,5278,561,7160,55.08
210051544,9479,4415,430,4634,48.89
210051545,14658,6382,601,7675,52.36
211011251,12589,7694,480,4415,35.07
211011254,16601,9292,472,6837,41.18
211011255,6594,4952,143,1499,22.73
211011256,15418,9426,310,5682,36.85
211011257,7905,5298,151,2456,31.07
211011258,10375,6498,224,3653,35.21
211011259,14341,8209,439,5693,39.7
211011260,17942,9506,452,7984,44.5
211011446,23560,16188,955,6417,27.24
211011447,14145,10257,501,3387,23.94
211011448,15334,10999,444,3891,25.37
211011449,4345,3545,129,671,15.44
211021261,16275,10698,519,5058,31.08
211021262,10112,7951,256,1905,18.84
211031263,11871,8901,355,2615,22.03
211031265,18059,14211,336,3512,19.45
211031266,18715,11470,637,6608,35.31
211031267,21132,15095,646,5391,25.51
211031268,9654,7288,171,2195,22.74
211031450,16109,11502,563,4044,25.1
211031451,14139,10134,477,3528,24.95
211031452,4898,3768,131,999,20.4
211041269,10780,5868,347,4565,42.35
211041270,16795,10785,372,5638,33.57
211041271,12413,7131,585,4697,37.84
211041272,10993,6636,213,4144,37.7
211041273,11954,6136,294,5524,46.21
211051274,10005,7973,306,1726,17.25
211051275,11779,8865,378,2536,21.53
211051276,14065,11318,749,1998,14.21
211051277,9916,7541,300,2075,20.93
211051278,19599,15664,686,3249,16.58
211051279,5816,4697,225,894,15.37
211051280,6943,5753,181,1009,14.53
211051281,23146,17511,664,4971,21.48
211051282,9706,7607,309,1790,18.44
211051283,9799,8385,167,1247,12.73
211051284,9777,7882,231,1664,17.02
211051285,7902,6712,272,918,11.62
211051286,16799,13440,1275,2084,12.41
212011289,18633,14910,1160,2563,13.76
212011546,23632,15732,757,7143,30.23
212011547,9868,8093,797,978,9.91
212011548,10069,8207,561,1301,12.92
212011549,15441,11094,750,3597,23.3
212011550,7479,5102,216,2161,28.89
212011551,6439,4039,493,1907,29.62
212011552,26783,17506,1135,8142,30.4
212021293,22963,15586,904,6473,28.19
212021295,11889,4418,967,6504,54.71
212021297,11472,4691,644,6137,53.5
212021299,8241,5628,309,2304,27.96
212021453,12086,5827,552,5707,47.22
212021454,13360,6161,576,6623,49.57
212021455,13504,8100,578,4826,35.74
212021456,14758,7748,849,6161,41.75
212021553,17760,10457,556,6747,37.99
212021554,11254,6265,388,4601,40.88
212031300,21281,12580,1567,7134,33.52
212031303,17400,12091,633,4676,26.87
212031304,21535,11818,807,8910,41.37
212031306,18027,7670,645,9712,53.87
212031308,8024,6661,432,931,11.6
212031457,13152,8147,311,4694,35.69
212031458,16713,8769,547,7397,44.26
212031555,10535,4681,309,5545,52.63
212031556,14802,6787,476,7539,50.93
212031557,23415,11689,894,10832,46.26
212031558,12289,6212,488,5589,45.48
212031559,12772,5758,391,6623,51.86
212031560,11910,6986,581,4343,36.47
212031561,12715,5241,771,6703,52.72
212031562,13368,5483,820,7065,52.85
212041309,11554,5354,383,5817,50.35
212041310,13381,4419,555,8407,62.83
212041312,22526,9769,1292,11465,50.9
212041313,10499,7434,302,2763,26.32
212041316,7456,3304,332,3820,51.23
212041317,22248,6427,1057,14764,66.36
212041318,12621,4612,423,7586,60.11
212041459,12739,4383,776,7580,59.5
212041460,19591,6664,892,12035,61.43
212041563,21487,6247,2064,13176,61.32
212041564,9350,3471,580,5299,56.67
212041565,15096,6430,545,8121,53.8
212041566,15093,6642,290,8161,54.07
212051319,19507,10259,797,8451,43.32
212051321,21603,8687,607,12309,56.98
212051322,21036,7508,800,12728,60.51
212051323,16073,7647,477,7949,49.46
212051324,19265,9727,616,8922,46.31
212051325,19889,10006,650,9233,46.42
212051326,22928,12305,857,9766,42.59
212051327,20652,10252,831,9569,46.33
212051567,9829,2900,845,6084,61.9
212051568,12052,3290,684,8078,67.03
213011328,7502,3439,614,3449,45.97
213011329,10038,4551,329,5158,51.38
213011331,8077,3808,391,3878,48.01
213011332,13082,7205,624,5253,40.15
213011333,13983,5614,886,7483,53.51
213011334,20581,6809,1814,11958,58.1
213011335,17454,5561,1635,10258,58.77
213011336,9445,4329,557,4559,48.27
213011337,12047,4754,757,6536,54.25
213011338,18558,7978,1117,9463,50.99
213011339,11726,6355,509,4862,41.46
213011340,16910,10920,507,5483,32.42
213011569,18004,7646,1236,9122,50.67
213011570,8653,4122,357,4174,48.24
213021341,13556,9197,582,3777,27.86
213021342,18479,11485,843,6151,33.29
213021343,14931,8803,892,5236,35.07
213021344,18753,13757,613,4383,23.37
213021345,4952,2853,201,1898,38.33
213021346,15912,11733,522,3657,22.98
213031347,19068,8429,1082,9557,50.12
213031348,17131,8720,1283,7128,41.61
213031349,12573,6646,433,5494,43.7
213031350,9247,6496,263,2488,26.91
213031351,11735,7170,628,3937,33.55
213031352,15463,11129,528,3806,24.61
213041353,24717,19841,1005,3871,15.66
213041358,21208,13790,1322,6096,28.74
213041359,17553,8707,772,8074,46.0
213041360,19539,11928,552,7059,36.13
213041461,5800,2847,178,2775,47.84
213041462,6377,3125,147,3105,48.69
213041463,20365,11139,796,8430,41.39
213041571,9829,6081,451,3297,33.54
213041572,7598,3580,392,3626,47.72
213041573,2990,2438,71,481,16.09
213041574,10098,5500,342,4256,42.15
213041575,16182,10846,475,4861,30.04
213041576,11632,8373,612,2647,22.76
213041577,7886,4973,791,2122,26.91
213041578,16658,9432,1457,5769,34.63
213051361,18446,10949,911,6586,35.7
213051362,18772,9942,1132,7698,41.01
213051363,11459,4323,731,6405,55.89
213051368,16810,9691,938,6181,36.77
213051464,19274,8426,917,9931,51.53
213051466,19091,7246,626,11219,58.77
213051467,19010,10850,1346,6814,35.84
213051468,22341,13239,1202,7900,35.36
213051579,10616,4500,416,5700,53.69
213051580,14167,7689,545,5933,41.88
213051581,9565,4234,327,5004,52.32
213051582,10132,3385,533,6214,61.33
213051583,28116,10729,1552,15835,56.32
213051584,7197,2105,435,4657,64.71
213051585,11182,5097,570,5515,49.32
213051586,9340,3250,465,5625,60.22
213051587,9596,3352,380,5864,61.11
213051588,19065,7238,1250,10577,55.48
213051589,9032,4397,576,4059,44.94
213051590,13546,8164,574,4808,35.49
214011370,21976,15609,924,5443,24.77
214011371,23586,16506,1647,5433,23.03
214011372,19453,13805,1567,4081,20.98
214011373,18801,14171,563,4067,21.63
214011374,24939,20165,772,4002,16.05
214011375,17215,12775,1024,3416,19.84
214011376,13303,9595,351,3357,25.23
214021377,13366,9847,990,2529,18.92
214021378,5995,4633,509,853,14.23
214021379,23970,18864,1508,3598,15.01
214021381,18734,13963,601,4170,22.26
214021382,19846,15170,674,4002,20.17
214021383,19811,15185,1778,2848,14.38
214021384,22944,17499,1803,3642,15.87
214021385,18522,15140,648,2734,14.76
214021591,15175,11461,567,3147,20.74
214021592,10581,7587,681,2313,21.86
215011386,8500,6984,482,1034,12.16
215011387,3204,2626,286,292,9.11
215011388,16985,14773,953,1259,7.41
215011389,3471,3028,246,197,5.68
215011390,6956,5810,473,673,9.68
215011391,3453,2938,307,208,6.02
215011392,8504,6772,846,886,10.42
215011393,2766,2274,295,197,7.12
215011394,6501,5506,555,440,6.77
215021395,7700,6402,643,655,8.51
215021396,4976,4138,531,307,6.17
215021398,3726,3022,410,294,7.89
215021399,6138,5005,558,575,9.37
215021469,18027,13528,1463,3036,16.84
215021470,16408,12362,1131,2915,17.77
215031400,6184,5178,604,402,6.5
215031401,6719,5734,619,366,5.45
215031402,3960,3419,313,228,5.76
215031403,3740,1858,474,1408,37.65
215031404,11186,8967,738,1481,13.24
215031405,6477,5089,706,682,10.53
216011406,15636,13360,986,1290,8.25
216011407,11121,9519,744,858,7.72
216011408,3927,3303,429,195,4.97
216011409,4016,3463,339,214,5.33
216011410,4193,3349,455,389,9.28
216021411,6465,4932,468,1065,16.47
216021412,2843,2351,260,232,8.16
216021413,12555,10385,1188,982,7.82
216021414,8661,7341,584,736,8.5
216031415,8312,6483,882,947,11.39
216031416,19928,14714,1456,3758,18.86
216031418,4017,3363,323,331,8.24
216031419,10346,8391,892,1063,10.27
216031593,9082,7252,315,1515,16.68
216031594,16520,10900,1359,4261,25.79
217011420,8920,7456,748,716,8.03
217011421,10346,8894,631,821,7.94
217011422,11230,9423,751,1056,9.4
217011423,6301,5363,486,452,7.17
217031471,3491,2981,268,242,6.93
217031472,12756,10808,685,1263,9.9
217031473,5669,4835,433,401,7.07
217031474,5395,4574,451,370,6.86
217031475,7180,6052,550,578,8.05
217031476,4008,2901,467,640,15.97
217041477,7018,5982,544,492,7.01
217041478,10014,8500,734,780,7.79
217041479,22405,19257,1174,1974,8.81
217041480,13337,11073,825,1439,10.79
297979799,38,9,27,2,5.26
299999499,9089,4283,3416,1390,15.29
301011001,16574,12774,528,3272,19.74
301011002,7550,5612,212,1726,22.86
301011003,15230,11395,382,3453,22.67
301011004,18254,13559,689,4006,21.95
301011005,3877,2947,130,800,20.63
301011006,11893,8646,304,2943,24.75
301021007,15851,10652,558,4641,29.28
301021008,6379,4343,151,1885,29.55
301021009,17765,13650,534,3581,20.16
301021011,8357,6581,153,1623,19.42
301021012,19263,13825,507,4931,25.6
301021013,15140,11372,487,3281,21.67
301021550,2156,1624,269,263,12.2
301021551,8481,5598,868,2015,23.76
301031014,8,4,0,4,50.0
301031015,7890,5821,257,1812,22.97
301031016,11860,9037,318,2505,21.12
301031017,4775,3286,199,1290,27.02
301031018,8881,6438,264,2179,24.54
301031019,9446,6525,155,2766,29.28
301031020,14502,10723,615,3164,21.82
301031021,15681,11240,651,3790,24.17
302011022,7826,5667,222,1937,24.75
302011023,10501,6830,212,3459,32.94
302011024,9844,6333,342,3169,32.19
302011025,10044,7724,204,2116,21.07
302011026,7918,5805,182,1931,24.39
302021027,12912,9206,452,3254,25.2
302021028,11426,6817,762,3847,33.67
302021029,6611,4741,165,1705,25.79
302021030,4541,3623,83,835,18.39
302021031,14432,11015,466,2951,20.45
302021032,6917,5217,380,1320,19.08
302021033,7153,5568,289,1296,18.12
302021034,10344,8136,230,1978,19.12
302031035,9596,6785,311,2500,26.05
302031036,125,12,14,99,79.2
302031037,2076,1253,127,696,33.53
302031038,7068,5141,238,1689,23.9
302031039,10789,8087,362,2340,21.69
302031040,13305,8781,596,3928,29.52
302041041,17488,12641,432,4415,25.25
302041042,9664,7603,292,1769,18.31
302041043,3773,2919,156,698,18.5
302041044,6826,5348,227,1251,18.33
302041045,14097,8201,443,5453,38.68
302041046,9323,6000,630,2693,28.89
303011047,12145,9722,230,2193,18.06
303011048,6930,4862,256,1812,26.15
303011049,11826,8621,311,2894,24.47
303011050,6884,4792,286,1806,26.23
303011051,16504,10547,350,5607,33.97
303021052,11935,7901,418,3616,30.3
303021053,17810,12806,594,4410,24.76
303021054,5008,3338,193,1477,29.49
303021055,10524,7060,418,3046,28.94
303021056,8895,6708,343,1844,20.73
303021057,6419,4656,257,1506,23.46
303021058,8597,4590,555,3452,40.15
303021059,10200,7330,421,2449,24.01
303031060,15186,6574,565,8047,52.99
303031061,5979,2303,232,3444,57.6
303031062,8880,5594,204,3082,34.71
303031063,15873,10907,743,4223,26.6
303031064,11020,5201,217,5602,50.83
303031065,10988,6123,603,4262,38.79
303031066,11444,6590,209,4645,40.59
303041067,5704,2731,276,2697,47.28
303041068,10825,7742,364,2719,25.12
303041069,4870,1716,257,2897,59.49
303041070,7562,5519,245,1798,23.78
303041071,10944,8739,212,1993,18.21
303051072,9020,4956,360,3704,41.06
303051073,22845,9206,876,12763,55.87
303051074,10220,4762,232,5226,51.14
303051075,16095,8429,357,7309,45.41
303051076,9711,5595,775,3341,34.4
303061077,9025,4161,263,4601,50.98
303061078,14046,6008,532,7506,53.44
303061079,9033,3582,392,5059,56.01
303061080,18085,7790,808,9487,52.46
304011081,7645,5075,160,2410,31.52
304011082,7086,4444,165,2477,34.96
304011083,4121,2785,83,1253,30.41
304011084,9716,6177,164,3375,34.74
304011085,4444,2777,53,1614,36.32
304021086,10528,6792,171,3565,33.86
304021087,7020,4550,186,2284,32.54
304021088,10731,6717,148,3866,36.03
304021089,4345,2812,77,1456,33.51
304021090,9438,6179,161,3098,32.82
304021091,5673,3821,260,1592,28.06
304031092,7849,5764,161,1924,24.51
304031093,5321,3857,176,1288,24.21
304031094,13430,7409,366,5655,42.11
304031095,6452,4618,166,1668,25.85
304031096,12220,6656,566,4998,40.9
304031097,9020,5613,240,3167,35.11
304041098,9042,6832,475,1735,19.19
304041099,33,19,3,11,33.33
304041100,7416,5795,269,1352,18.23
304041101,8909,7068,278,1563,17.54
304041102,0,0,0,0,0
304041103,17099,12615,283,4201,24.57
304041104,11681,8994,193,2494,21.35
305011105,13310,5616,1012,6682,50.2
305011106,9512,4888,721,3903,41.03
305011107,6372,3949,288,2135,33.51
305011108,9761,5793,605,3363,34.45
305011109,12454,8158,805,3491,28.03
305011110,14243,5632,1574,7037,49.41
305011111,6860,2922,594,3344,48.75
305011112,14953,8424,773,5756,38.49
305021113,4554,3317,152,1085,23.83
305021114,7407,5177,247,1983,26.77
305021115,6118,3935,347,1836,30.01
305021116,5133,3874,124,1135,22.11
305021117,14308,10215,701,3392,23.71
305021118,6857,5268,191,1398,20.39
305031119,4305,2882,228,1195,27.76
305031120,6593,5095,182,1316,19.96
305031121,5769,4079,284,1406,24.37
305031122,10754,7469,355,2930,27.25
305031123,4627,3749,84,794,17.16
305031124,6768,4421,384,1963,29.0
305031125,4949,3847,159,943,19.05
305031126,10165,5736,463,3966,39.02
305031127,5083,3575,238,1270,24.99
305031128,18016,10958,1258,5800,32.19
305031129,4031,3172,82,777,19.28
305031130,7978,5765,333,1880,23.56
305031131,11025,7721,420,2884,26.16
305041132,13716,10764,280,2672,19.48
305041133,5670,4039,183,1448,25.54
305041134,10343,8096,273,1974,19.09
305041135,12197,8818,407,2972,24.37
305041136,5975,4472,191,1312,21.96
305041137,12428,7778,412,4238,34.1
306011138,5537,4179,198,1160,20.95
306011139,11789,7605,724,3460,29.35
306011140,3742,2866,148,728,19.45
306011141,13784,10149,569,3066,22.24
306011142,16791,11424,929,4438,26.43
306011143,6133,4218,530,1385,22.58
306021144,8360,6404,562,1394,16.67
306021145,12567,5798,2679,4090,32.55
306021146,8376,6194,582,1600,19.1
306021147,11409,8710,1104,1595,13.98
306021148,9838,7823,848,1167,11.86
306021149,9963,6813,588,2562,25.72
306021150,7,7,0,0,0.0
306021151,6175,3908,884,1383,22.4
306021152,5191,3209,596,1386,26.7
306021153,8678,6420,397,1861,21.45
306021154,6519,3824,900,1795,27.53
306021155,4918,3553,492,873,17.75
306021156,8353,5970,469,1914,22.91
306021157,5127,3378,746,1003,19.56
306031158,4568,3522,528,518,11.34
306031159,9257,6802,865,1590,17.18
306031160,8002,6169,970,863,10.78
306031161,10999,8137,1198,1664,15.13
306031162,4,0,0,4,100.0
306031163,2505,2432,66,7,0.28
306041164,6674,4950,735,989,14.82
306041165,5582,3170,764,1648,29.52
306051166,11625,8898,1128,1599,13.75
306051167,5522,4123,793,606,10.97
306051168,4826,3210,599,1017,21.07
306051169,9095,7010,824,1261,13.86
306051170,11825,8581,1231,2013,17.02
307011171,4320,3597,451,272,6.3
307011172,8775,6917,1113,745,8.49
307011173,6230,5261,573,396,6.36
307011174,4065,3419,398,248,6.1
307011175,4180,3268,573,339,8.11
307011176,6838,5458,728,652,9.53
307011177,5989,5055,691,243,4.06
307011178,3851,3062,477,312,8.1
307021179,9175,7412,935,828,9.02
307021180,7662,6450,633,579,7.56
307021181,3223,2497,350,376,11.67
307021182,5791,4872,515,404,6.98
307021183,17015,14451,1293,1271,7.47
307031184,5109,4352,391,366,7.16
307031185,4360,3680,342,338,7.75
307031186,4991,4039,501,451,9.04
307031187,5286,4033,445,808,15.29
307031188,6247,4830,616,801,12.82
307031189,15525,13034,1159,1332,8.58
308011190,7156,5640,971,545,7.62
308011191,7616,5887,1078,651,8.55
308011192,14089,10829,1181,2079,14.76
308031205,7024,5738,632,654,9.31
308031206,1948,1589,270,89,4.57
308031207,5798,4682,517,599,10.33
308031208,9059,7734,447,878,9.69
308031209,5224,4637,306,281,5.38
308031210,12379,10678,741,960,7.76
308031211,4880,3913,351,616,12.62
308031212,2945,2266,473,206,6.99
308031213,10709,8395,626,1688,15.76
308031214,5292,4531,373,388,7.33
308031215,7477,6164,552,761,10.18
308031216,5903,5090,346,467,7.91
308031217,3364,2658,359,347,10.32
308031218,3507,2914,313,280,7.98
308031219,4598,3582,649,367,7.98
308031220,3002,2470,410,122,4.06
308031221,22,18,8,0,0.0
308031222,7989,6479,501,1009,12.63
308031223,20244,16428,1352,2464,12.17
308041528,8817,7277,1140,400,4.54
308041529,5694,4164,803,727,12.77
308051530,6807,5026,938,843,12.38
308051531,10063,8095,500,1468,14.59
308051532,30,21,0,9,30.0
308051533,14161,11341,693,2127,15.02
308051534,6174,4465,634,1075,17.41
308051535,11529,9693,870,966,8.38
308051536,3533,2940,172,421,11.92
308051537,0,0,0,0,0
308051538,6387,5174,447,766,11.99
308051539,4832,3789,281,762,15.77
309011224,8164,5344,420,2400,29.4
309011225,9176,6405,790,1981,21.59
309011226,14413,10500,568,3345,23.21
309011227,13997,8464,1360,4173,29.81
309011228,13205,8769,656,3780,28.63
309011229,7445,5336,429,1680,22.57
309021230,6491,4666,470,1355,20.88
309021231,12339,9373,724,2242,18.17
309021232,9797,7688,395,1714,17.5
309021233,12539,9691,529,2319,18.49
309021234,16349,12552,909,2888,17.66
309031235,11171,6647,417,4107,36.76
309031236,9973,5685,704,3584,35.94
309031237,10298,6409,568,3321,32.25
309031238,18643,10979,1426,6238,33.46
309031239,9991,6715,710,2566,25.68
309031240,9308,6034,479,2795,30.03
309041241,4420,3257,243,920,20.81
309041242,15692,11243,976,3473,22.13
309051243,7674,5873,375,1426,18.58
309051244,19552,13803,711,5038,25.77
309051245,8810,6173,355,2282,25.9
309061246,13147,8898,530,3719,28.29
309061247,8433,5973,358,2102,24.93
309061248,21260,15167,1090,5003,23.53
309061249,18308,11872,621,5815,31.76
309061250,8542,6057,425,2060,24.12
309071251,20225,12813,1438,5974,29.54
309071252,18949,12002,742,6205,32.75
309071253,14665,8607,870,5188,35.38
309071254,4607,3621,198,788,17.1
309071256,17920,12235,594,5091,28.41
309071552,10681,7673,541,2467,23.1
309071553,11879,8689,409,2781,23.41
309071554,9910,6187,492,3231,32.6
309071555,10491,6647,898,2946,28.08
309071556,11420,7818,400,3202,28.04
309071557,20287,13474,968,5845,28.81
309071558,7027,4868,386,1773,25.23
309081259,4395,2534,207,1654,37.63
309081260,7210,4609,440,2161,29.97
309081262,16639,10302,716,5621,33.78
309081559,16861,10640,559,5662,33.58
309081560,8804,5376,426,3002,34.1
309091263,12415,7761,1036,3618,29.14
309091264,6450,3833,361,2256,34.98
309091265,8837,5599,433,2805,31.74
309091540,17891,9183,1688,7020,39.24
309091541,18893,10702,1216,6975,36.92
309101267,9889,5718,543,3628,36.69
309101268,4895,3115,248,1532,31.3
309101269,3998,2489,477,1032,25.81
309101561,12204,5789,1477,4938,40.46
309101562,14210,6706,1946,5558,39.11
310011271,4699,2663,205,1831,38.97
310011272,8254,3980,373,3901,47.26
310011274,19891,9210,1668,9013,45.31
310011275,8578,5819,298,2461,28.69
310011276,6220,4571,270,1379,22.17
310011563,8598,4176,377,4045,47.05
310011564,22478,12951,679,8848,39.36
310021277,12617,10491,945,1181,9.36
310021278,5052,4068,297,687,13.6
310021279,0,0,0,0,0
310021280,21208,17485,1265,2458,11.59
310021281,14197,11749,837,1611,11.35
310021282,14217,11664,1270,1283,9.02
310031283,12115,10037,671,1407,11.61
310031284,9334,7138,653,1543,16.53
310031285,6817,5857,259,701,10.28
310031286,6715,5399,425,891,13.27
310031287,17975,14531,1125,2319,12.9
310031288,4561,3903,97,561,12.3
310031289,6694,5410,191,1093,16.33
310031290,6032,4591,114,1327,22.0
310031291,8268,6837,482,949,11.48
310031292,6416,5289,390,737,11.49
310031293,15154,12743,635,1776,11.72
310031294,12774,9906,489,2379,18.62
310031295,3067,2052,394,621,20.25
310041297,9249,6493,422,2334,25.24
310041298,8,5,0,3,37.5
310041299,11686,7411,571,3704,31.7
310041300,10885,6237,1000,3648,33.51
310041301,3,0,0,3,100.0
310041302,24349,15582,1541,7226,29.68
310041303,7322,4950,220,2152,29.39
310041304,23526,14085,682,8759,37.23
310041565,8987,5771,265,2951,32.84
310041566,9191,5838,549,2804,30.51
311011305,14674,11827,1041,1806,12.31
311021306,8425,5583,976,1866,22.15
311021307,13594,8711,1374,3509,25.81
311021308,9549,6408,487,2654,27.79
311021309,5736,4111,324,1301,22.68
311021310,9016,6626,335,2055,22.79
311031311,19166,11911,1335,5920,30.89
311031312,8161,4675,696,2790,34.19
311031313,8869,5505,677,2687,30.3
311031314,12158,7853,1013,3292,27.08
311031315,0,0,0,0,0
311031316,8832,5744,404,2684,30.39
311031317,15988,8832,1419,5737,35.88
311031318,4428,3359,153,916,20.69
311031319,16032,10594,526,4912,30.64
311041322,8608,6632,432,1544,17.94
311041567,6632,5134,497,1001,15.09
311041568,10051,7883,185,1983,19.73
311041569,7637,5787,333,1517,19.86
311041570,18013,14106,950,2957,16.42
311041571,10706,7982,633,2091,19.53
311051323,12125,7967,746,3412,28.14
311051324,9076,6715,215,2146,23.64
311051325,11588,8313,447,2828,24.4
311051326,11776,6519,1199,4058,34.46
311051327,12073,8264,361,3448,28.56
311051328,7815,4576,797,2442,31.25
311061329,6897,4436,227,2234,32.39
311061330,10371,5854,1200,3317,31.98
311061331,6356,3045,668,2643,41.58
311061332,15394,10854,438,4102,26.65
311061333,10408,6392,834,3182,30.57
311061334,9842,6481,326,3035,30.84
311061335,6809,3454,265,3090,45.38
311061336,12982,6482,1537,4963,38.23
312011337,9874,7338,1030,1506,15.25
312011338,8730,5536,2433,761,8.72
312011339,3893,3141,517,235,6.04
312011340,3898,2926,653,319,8.18
312011341,9425,6609,1687,1129,11.98
312021342,15824,12720,1195,1909,12.06
312021343,3756,2869,384,503,13.39
312021344,13495,10462,1089,1944,14.41
312021345,9,8,5,0,0.0
312021346,4026,2392,691,943,23.42
312021347,615,416,84,115,18.7
312021348,11558,9136,679,1743,15.08
312021349,6283,5002,517,764,12.16
312021350,5941,4598,483,860,14.48
312021351,8897,7260,1125,512,5.75
312021352,11822,9663,1334,825,6.98
312021353,8181,6615,899,667,8.15
312021354,6084,4729,464,891,14.64
312021355,3455,2809,277,369,10.68
312021356,6918,5338,556,1024,14.8
312021357,8457,7138,818,501,5.92
312021358,6364,4885,572,907,14.25
312031359,14523,9447,1790,3286,22.63
312031360,0,0,0,0,0
312031361,8858,7090,818,950,10.72
313011362,16469,12701,812,2956,17.95
313011363,20612,14924,1154,4534,22.0
313021364,6658,5217,218,1223,18.37
313021366,23625,17969,1486,4170,17.65
313021367,4290,3533,164,593,13.82
313021368,11078,8521,539,2018,18.22
313021369,4228,3387,232,609,14.4
313021572,17736,13080,1326,3330,18.78
313021573,12165,9349,914,1902,15.64
313031370,5799,4053,653,1093,18.85
313031371,9100,7517,465,1118,12.29
313041372,16488,13022,779,2687,16.3
313041373,22686,16905,1477,4304,18.97
313041374,5867,4618,251,998,17.01
313041375,20914,16357,642,3915,18.72
313041376,3260,2647,118,495,15.18
313051377,8415,6357,405,1653,19.64
313051378,11974,8637,748,2589,21.62
313051379,10434,7218,677,2539,24.33
313051380,17385,12775,885,3725,21.43
313051574,309,163,95,51,16.5
313051575,15257,10718,545,3994,26.18
314011382,16410,12770,256,3384,20.62
314011383,19643,15244,389,4010,20.41
314011384,9213,7264,519,1430,15.52
314011385,7822,6134,107,1581,20.21
314011386,24313,19782,504,4027,16.56
314011387,12385,9558,345,2482,20.04
314021389,23089,16223,705,6161,26.68
314021576,5275,3796,286,1193,22.62
314021577,21749,16408,1023,4318,19.85
314021578,14921,8924,497,5500,36.86
314021579,23030,14343,714,7973,34.62
314031391,10271,7946,377,1948,18.97
314031392,7095,5443,322,1330,18.75
314031393,8735,6826,266,1643,18.81
314031394,13747,9579,691,3477,25.29
315011395,1101,1023,61,17,1.54
315011396,7803,5918,1175,710,9.1
315011397,981,779,144,58,5.91
315011398,1691,1492,165,34,2.01
315011399,2781,2426,291,64,2.3
315011400,6204,4707,669,828,13.35
315011401,3421,2903,256,262,7.66
315011402,4124,3744,243,137,3.32
315011403,4097,3186,505,406,9.91
315021404,4921,4194,503,224,4.55
315021405,18317,13569,1725,3023,16.5
315021406,4044,3010,694,340,8.41
315021407,3095,2461,476,158,5.11
315031408,4749,4026,490,233,4.91
315031409,3971,3142,497,332,8.36
315031410,2156,1696,338,122,5.66
315031411,2713,2382,186,145,5.34
315031412,3647,2905,463,279,7.65
316011413,17960,13042,805,4113,22.9
316011414,17501,12516,726,4259,24.34
316011415,11950,8587,436,2927,24.49
316011416,11544,7984,703,2857,24.75
316021417,10043,8005,333,1705,16.98
316021418,6956,5157,438,1361,19.57
316021419,6973,4959,493,1521,21.81
316021421,13035,9670,620,2745,21.06
316021422,8130,6264,438,1428,17.56
316021423,10392,7830,497,2065,19.87
316021424,10671,8102,460,2109,19.76
316021580,15707,11560,512,3635,23.14
316021581,14397,10502,780,3115,21.64
316031425,15948,12268,719,2961,18.57
316031426,11961,9002,666,2293,19.17
316031427,23327,16061,1712,5554,23.81
316031428,12443,8717,736,2990,24.03
316051434,5120,3361,299,1460,28.52
316051435,9344,6247,468,2629,28.14
316051437,6851,4679,341,1831,26.73
316051438,10538,7492,612,2434,23.1
316051543,4107,2969,180,958,23.33
316051544,10694,7476,433,2785,26.04
316061439,9255,7313,522,1420,15.34
316061440,9110,6613,671,1826,20.04
316061441,6552,5159,354,1039,15.86
316061442,15652,11852,780,3020,19.29
316061443,6830,5069,506,1255,18.37
316061444,11643,8871,609,2163,18.58
316071545,10750,8437,412,1901,17.68
316071546,4403,3419,175,809,18.37
316071547,12348,9531,618,2199,17.81
316071548,22492,17744,1045,3703,16.46
316081549,24207,18117,1441,4649,19.21
317011445,7899,6954,351,594,7.52
317011446,14576,9858,622,4096,28.1
317011447,10823,8470,670,1683,15.55
317011448,7951,5228,556,2167,27.25
317011449,7059,6332,245,482,6.83
317011450,14582,12501,492,1589,10.9
317011451,11943,9946,811,1186,9.93
317011452,7595,5869,199,1527,20.11
317011453,10039,7831,576,1632,16.26
317011454,6426,5050,423,953,14.83
317011455,8668,7126,252,1290,14.88
317011456,13987,10701,850,2436,17.42
317011457,10533,8547,396,1590,15.1
317011458,15848,13205,714,1929,12.17
317011459,14112,11636,782,1694,12.0
318011460,8987,7187,870,930,10.35
318011461,7658,6382,715,561,7.33
318011462,8040,6361,1112,567,7.05
318011463,3754,3044,536,174,4.64
318011464,4455,3608,432,415,9.32
318011465,6462,5369,518,575,8.9
318011466,2098,1969,104,25,1.19
318021467,4797,3484,376,937,19.53
318021468,10116,7020,1329,1767,17.47
318021469,3192,2429,216,547,17.14
318021470,8515,7228,228,1059,12.44
318021471,10799,8744,920,1135,10.51
318021472,5844,4445,342,1057,18.09
318021474,7868,5450,458,1960,24.91
318021475,6273,4677,618,978,15.59
318021476,7586,6004,722,860,11.34
318021477,3907,3102,305,500,12.8
318021478,5415,4081,459,875,16.16
318021479,4728,3612,357,759,16.05
318021480,10683,8870,898,915,8.57
318021481,7693,6100,593,1000,13.0
318021482,14944,12335,714,1895,12.68
318021483,2475,1612,245,618,24.97
318021484,10110,8318,479,1313,12.99
318021485,3594,2811,194,589,16.39
318021486,6566,5290,563,713,10.86
318021487,7033,5522,339,1172,16.66
318021488,5296,4021,549,726,13.71
318021489,4767,3731,582,454,9.52
318021490,9116,6162,781,2173,23.84
318021491,6091,5254,352,485,7.96
318021582,19337,16216,1043,2078,10.75
318021583,6074,5187,368,519,8.54
319011492,5659,4600,316,743,13.13
319011493,19008,15035,866,3107,16.35
319011494,5384,4606,213,565,10.49
319011495,6247,4390,611,1246,19.95
319011496,5804,4763,308,733,12.63
319011497,7448,6076,499,873,11.72
319011498,9276,7308,831,1137,12.26
319011499,10778,8200,1133,1445,13.41
319011500,7406,6262,335,809,10.92
319011501,5809,4927,348,534,9.19
319011502,10982,9232,708,1042,9.49
319021503,6395,4852,773,770,12.04
319021504,5402,4093,609,700,12.96
319021505,10545,8712,705,1128,10.7
319021506,9490,7824,984,682,7.19
319021507,4157,3506,374,277,6.66
319021508,3673,3011,401,261,7.11
319021509,10003,7655,1233,1115,11.15
319021510,17,7,6,4,23.53
319031511,6568,4953,656,959,14.6
319031512,14866,12402,873,1591,10.7
319031513,7561,6433,363,765,10.12
319031514,20359,16226,1648,2485,12.21
319031515,3788,3047,385,356,9.4
319041516,5775,4603,240,932,16.14
319041517,5574,4388,198,988,17.73
319041518,15856,11624,917,3315,20.91
319041519,5718,4392,357,969,16.95
319041520,15786,11901,1138,2747,17.4
319041521,14781,11258,945,2578,17.44
319051522,10594,8380,747,1467,13.85
319051523,3051,2573,256,222,7.28
319051524,18558,15580,1316,1662,8.96
319051525,9548,7387,979,1182,12.38
319051526,5872,4933,315,624,10.63
397979799,183,29,128,26,14.21
399999499,14670,9019,2744,2907,19.82
401011001,18202,7471,1317,9414,51.72
401011002,6823,4428,457,1938,28.4
401021003,7051,5608,355,1088,15.43
401021004,18208,14457,539,3212,17.64
401021005,4726,3734,227,765,16.19
401021006,9448,7704,558,1186,12.55
401021007,22113,17691,773,3649,16.5
401021008,6825,5598,391,836,12.25
401021009,5327,4407,262,658,12.35
401021010,6042,4461,287,1294,21.42
401031011,19066,12358,394,6314,33.12
401031012,10328,6340,244,3744,36.25
401031013,16635,11133,355,5147,30.94
401041014,9601,6710,196,2695,28.07
401041015,21601,12594,840,8167,37.81
401041016,23968,14142,640,9186,38.33
401051017,10849,6899,475,3475,32.03
401051018,13122,8266,381,4475,34.1
401051019,13515,9378,360,3777,27.95
401061020,6484,4552,152,1780,27.45
401061021,15785,10684,479,4622,29.28
401061022,8023,5374,275,2374,29.59
401071023,17650,13012,422,4216,23.89
401071024,20998,14873,477,5648,26.9
402011025,9545,7950,312,1283,13.44
402011026,21662,16944,922,3796,17.52
402011027,6505,5350,303,852,13.1
402021028,19920,15184,623,4113,20.65
402021029,18313,13583,1246,3484,19.02
402021030,10829,6453,1045,3331,30.76
402021031,14047,9471,910,3666,26.1
402021032,16215,12887,544,2784,17.17
402021033,2473,1878,94,501,20.26
402021034,12446,8709,1249,2488,19.99
402021035,5693,3713,451,1529,26.86
402031036,25578,13295,1087,11196,43.77
402031038,22587,12690,768,9129,40.42
402031175,18188,10392,533,7263,39.93
402031176,10504,6385,370,3749,35.69
402041039,0,0,0,0,0
402041040,15681,9909,619,5153,32.86
402041041,15094,9978,484,4632,30.69
402041042,21,7,0,14,66.67
402041043,18467,10213,700,7554,40.91
402041044,17816,11742,723,5351,30.03
402041046,18594,10215,1059,7320,39.37
402041047,18454,12708,684,5062,27.43
402041048,18487,12181,1004,5302,28.68
402041171,13855,7759,324,5772,41.66
402041172,8080,4664,336,3080,38.12
402051049,10406,7678,220,2508,24.1
402051050,9017,7187,136,1694,18.79
402051051,11048,8006,274,2768,25.05
402051052,17496,11124,671,5701,32.58
402051053,19248,13768,439,5041,26.19
402051054,16276,12933,351,2992,18.38
402051055,13161,9827,349,2985,22.68
403011056,15191,11141,554,3496,23.01
403011057,20522,14977,622,4923,23.99
403021058,14563,9377,494,4692,32.22
403021059,12609,8218,245,4146,32.88
403021060,9703,7029,249,2425,24.99
403021061,16516,10402,732,5382,32.59
403021062,16531,11907,419,4205,25.44
403021063,10211,7702,171,2338,22.9
403021064,16190,10888,523,4779,29.52
403031065,4896,3673,152,1071,21.88
403031066,7608,5022,299,2287,30.06
403031067,12963,9942,201,2820,21.75
403031068,15842,12394,321,3127,19.74
403031069,16506,12657,290,3559,21.56
403031070,8475,5672,273,2530,29.85
403041071,11911,9061,248,2602,21.85
403041072,15923,11934,890,3099,19.46
403041073,9475,6703,849,1923,20.3
403041074,11050,7907,496,2647,23.95
403041075,2729,2129,143,457,16.75
403041076,4469,3536,79,854,19.11
403041077,10784,7549,211,3024,28.04
403041078,6875,5336,284,1255,18.25
403041079,7818,5899,564,1355,17.33
403041080,13864,10930,330,2604,18.78
403041081,0,0,0,0,0
403041082,23,14,3,6,26.09
403041083,7344,5334,323,1687,22.97
403041084,13863,10443,565,2855,20.59
403041085,10138,7516,552,2070,20.42
403041086,10286,7864,365,2057,20.0
403041088,3604,2720,180,704,19.53
403041089,11552,8871,242,2439,21.11
403041177,14177,10643,480,3054,21.54
403041178,10629,7626,341,2662,25.04
404011090,8897,6192,322,2383,26.78
404011091,16361,10887,589,4885,29.86
404011092,15634,11403,434,3797,24.29
404011093,19076,12587,738,5751,30.15
404011094,6499,4679,182,1638,25.2
404011095,17501,12129,754,4618,26.39
404011096,15205,11147,545,3513,23.1
404011097,19269,11621,653,6995,36.3
404021098,0,0,0,0,0
404021099,14807,11530,554,2723,18.39
404021100,14800,11661,550,2589,17.49
404021101,11589,7872,541,3176,27.41
404021102,19645,9178,1004,9463,48.17
404021103,4,4,0,0,0.0
404031104,4,4,0,0,0.0
404031105,2920,2155,122,643,22.02
404031106,13452,8951,362,4139,30.77
404031107,26480,16657,830,8993,33.96
404031108,17022,11020,575,5427,31.88
404031109,5175,3843,139,1193,23.05
405011110,6486,5316,414,756,11.66
405011111,9797,8210,555,1032,10.53
405011112,6544,5331,290,923,14.1
405011113,3335,2512,379,444,13.31
405011114,7157,6218,259,680,9.5
405011115,4666,3969,167,530,11.36
405021116,4096,3484,255,357,8.72
405021117,5016,4116,329,571,11.38
405021118,4079,3302,372,405,9.93
405021119,9500,7930,658,912,9.6
405031120,4596,3977,313,306,6.66
405031121,5341,4318,588,435,8.14
405031122,13896,11940,872,1084,7.8
405031123,3335,2898,174,263,7.89
405041124,5414,4685,355,374,6.91
405041125,5217,4116,456,645,12.36
405041126,4426,3665,343,418,9.44
405041127,7458,6228,613,617,8.27
405041128,4142,3338,371,433,10.45
406011129,2697,2205,276,216,8.01
406011130,6824,5906,501,417,6.11
406011131,4201,3598,369,234,5.57
406011132,2122,1805,212,105,4.95
406011133,16307,13744,1171,1392,8.54
406011134,3646,3142,305,199,5.46
406011135,136,112,14,10,7.35
406011136,21154,15951,1420,3783,17.88
406011137,0,0,0,0,0
406021138,2333,2178,97,58,2.49
406021139,1566,827,326,413,26.37
406021140,2142,1762,223,157,7.33
406021141,2030,1491,334,205,10.1
406021142,13515,11267,1088,1160,8.58
406021143,3976,2954,482,540,13.58
407011144,12516,9422,645,2449,19.57
407011145,4894,3747,433,714,14.59
407011146,7871,6498,408,965,12.26
407011147,7969,6251,558,1160,14.56
407011148,15847,12058,690,3099,19.56
407011149,6498,4924,445,1129,17.37
407021150,6138,5112,542,484,7.89
407021151,3872,3315,239,318,8.21
407021152,5245,4362,340,543,10.35
407021154,6293,4665,469,1159,18.42
407021155,2395,2046,203,146,6.1
407021156,3107,2567,259,281,9.04
407021157,6891,5427,577,887,12.87
407021158,3470,2893,311,266,7.67
407021173,14947,12428,931,1588,10.62
407021174,14499,12074,764,1661,11.46
407031159,6401,5319,350,732,11.44
407031160,4143,3281,290,572,13.81
407031161,2921,2314,284,323,11.06
407031162,5575,4818,391,366,6.57
407031163,1742,1437,157,148,8.5
407031164,6594,5233,638,723,10.96
407031165,18243,14617,1159,2467,13.52
407031166,3732,3157,271,304,8.15
407031167,4705,3577,292,836,17.77
407031168,5080,4082,447,551,10.85
407031169,5473,4418,582,473,8.64
407031170,6646,5364,538,744,11.19
497979799,12,0,5,7,58.33
499999499,3377,2262,587,528,15.64
501011001,6595,4626,655,1314,19.92
501011003,11900,8536,937,2427,20.39
501011004,10193,6903,837,2453,24.07
501011293,9359,6922,539,1898,20.28
501011294,19292,14820,943,3529,18.29
501021005,19256,14803,830,3623,18.81
501021007,5457,4273,379,805,14.75
501021008,6976,5204,512,1260,18.06
501021009,8812,7129,679,1004,11.39
501021010,3286,2561,238,487,14.82
501021011,8,5,3,0,0.0
501021012,12327,9505,628,2194,17.8
501021014,9309,6821,613,1875,20.14
501021015,7195,5442,325,1428,19.85
501021016,4234,3134,336,764,18.04
501021251,9770,6743,401,2626,26.88
501021252,3042,2378,98,566,18.61
501021253,12760,9360,678,2722,21.33
501021254,5119,3769,438,912,17.82
501031017,7068,5038,661,1369,19.37
501031018,6155,4592,423,1140,18.52
501031019,5447,4344,367,736,13.51
501031020,5198,3590,571,1037,19.95
502011021,8498,5846,409,2243,26.39
502011022,9664,6807,461,2396,24.79
502011023,9869,7014,654,2201,22.3
502011024,19905,13145,961,5799,29.13
502011025,10256,6393,1129,2734,26.66
502011026,6599,4904,473,1222,18.52
502011027,21261,13734,950,6577,30.93
502011028,11323,7608,776,2939,25.96
502011029,10263,7699,800,1764,17.19
503011030,6805,4565,194,2046,30.07
503011031,9248,5735,527,2986,32.29
503011032,7750,5496,345,1909,24.63
503011033,8621,6064,149,2408,27.93
503011034,10764,6826,551,3387,31.47
503011035,18936,10967,610,7359,38.86
503011036,9612,6502,375,2735,28.45
503021037,48,20,17,11,22.92
503021038,11872,8170,429,3273,27.57
503021039,16934,11199,624,5111,30.18
503021040,9707,6493,347,2867,29.54
503021042,17527,10604,768,6155,35.12
503021043,19102,10722,688,7692,40.27
503021295,11798,4262,992,6544,55.47
503021296,11414,5829,890,4695,41.13
503021297,12119,4045,1433,6641,54.8
504011044,15932,10767,832,4333,27.2
504011045,24523,15551,966,8006,32.65
504011046,13294,7426,832,5036,37.88
504011047,22714,12119,911,9684,42.63
504011048,8002,4669,200,3133,39.15
504021049,4633,3439,207,987,21.3
504021050,7223,4985,276,1962,27.16
504021051,5780,4228,268,1284,22.21
504021052,10,6,0,4,40.0
504021053,13305,9634,573,3098,23.28
504021054,12838,8806,721,3311,25.79
504031055,5,8,0,0,0.0
504031056,18505,11004,668,6833,36.93
504031057,21348,11392,868,9088,42.57
504031058,5605,3970,441,1194,21.3
504031060,2818,2049,162,607,21.54
504031061,5408,3654,216,1538,28.44
504031062,12518,7458,579,4481,35.8
504031063,25,12,4,9,36.0
504031064,0,0,0,0,0
504031065,5678,3828,311,1539,27.1
504031066,11087,6805,920,3362,30.32
504031067,7019,5290,260,1469,20.93
504031068,12457,7954,438,4065,32.63
504031069,0,0,0,0,0
504031298,15680,9644,517,5519,35.2
504031299,11164,6397,335,4432,39.7
504031300,19011,12045,1020,5946,31.28
505011070,10556,6814,361,3381,32.03
505011071,13819,6938,421,6460,46.75
505011072,15982,10370,333,5279,33.03
505011073,13723,9295,473,3955,28.82
505011074,10572,6084,406,4082,38.61
505011075,11200,7040,292,3868,34.54
505011076,9737,4467,189,5081,52.18
505011077,13845,7029,633,6183,44.66
505011078,13204,8721,330,4153,31.45
505011079,11493,6745,343,4405,38.33
505011080,8125,4333,271,3521,43.34
505011081,8626,5645,230,2751,31.89
505011082,10193,7122,288,2783,27.3
505011083,9579,5797,169,3613,37.72
505021084,16025,9789,701,5535,34.54
505021085,21032,9251,1596,10185,48.43
505021087,0,0,0,0,0
505021088,18468,11503,996,5969,32.32
505021089,22602,15549,629,6424,28.42
505021090,19818,8807,1389,9622,48.55
505021091,219,91,31,97,44.29
505021092,17552,10932,1049,5571,31.74
505021093,14620,7831,560,6229,42.61
505021094,7965,5722,275,1968,24.71
505021095,12820,6907,666,5247,40.93
505021096,15044,9505,353,5186,34.47
505021097,17066,10151,649,6266,36.72
505021301,11927,6599,343,4985,41.8
505021302,12985,7410,610,4965,38.24
505031098,11687,6256,475,4956,42.41
505031099,23679,12939,1261,9479,40.03
505031100,18641,10229,619,7793,41.81
505031101,13904,7303,682,5919,42.57
505031102,8897,4757,511,3629,40.79
505031104,10483,5943,506,4034,38.48
505031105,20764,9993,820,9951,47.92
505031106,6,6,0,0,0.0
505031107,13569,7380,450,5739,42.29
505031255,13904,7122,569,6213,44.68
505031256,723,428,93,202,27.94
505031257,3822,2432,316,1074,28.1
505031258,11009,6277,585,4147,37.67
505031303,13139,8012,452,4675,35.58
505031304,15401,8879,375,6147,39.91
505031305,14199,8154,329,5716,40.26
505031306,14678,8803,563,5312,36.19
506011110,23166,14429,1727,7010,30.26
506011111,3,0,0,3,100.0
506011112,5793,3590,339,1864,32.18
506011114,10604,6729,781,3094,29.18
506011115,8241,5322,324,2595,31.49
506011116,7243,4948,222,2073,28.62
506011117,11409,7066,661,3682,32.27
506011307,11667,5472,278,5917,50.72
506011308,16049,7898,390,7761,48.36
506021118,15082,8227,1225,5630,37.33
506021119,17245,10129,1003,6113,35.45
506021120,0,0,0,0,0
506021121,20,0,0,20,100.0
506021123,15816,8568,856,6392,40.41
506021309,8864,4448,618,3798,42.85
506021310,7394,3685,364,3345,45.24
506021311,10897,5777,619,4501,41.3
506031124,20612,9394,1374,9844,47.76
506031125,10078,4981,232,4865,48.27
506031126,3,0,4,0,0.0
506031127,20655,7572,1208,11875,57.49
506031128,13992,7310,510,6172,44.11
506031129,14518,7055,340,7123,49.06
506031130,16,3,5,8,50.0
506031131,19262,8831,396,10035,52.1
506041132,20280,9404,1164,9712,47.89
506041133,24415,11340,611,12464,51.05
506041134,21146,11997,1430,7719,36.5
506041135,21869,11896,731,9242,42.26
506041136,15005,7675,1049,6281,41.86
506041137,23665,12815,992,9858,41.66
506051138,19729,12408,926,6395,32.41
506051139,12198,8713,551,2934,24.05
506051140,15136,10139,539,4458,29.45
506051141,11698,8353,340,3005,25.69
506061142,20471,14111,746,5614,27.42
506061143,7165,5352,325,1488,20.77
506061144,4607,3256,341,1010,21.92
506071145,14575,8845,691,5039,34.57
506071146,11653,6923,534,4196,36.01
506071147,17226,10517,873,5836,33.88
507011148,21746,13342,556,7848,36.09
507011150,21,11,3,7,33.33
507011151,0,0,0,0,0
507011152,9816,6482,479,2855,29.09
507011153,8503,5497,422,2584,30.39
507011154,11327,6870,786,3671,32.41
507011155,10,6,3,1,10.0
507011158,3741,2283,158,1300,34.75
507011159,11723,7211,603,3909,33.34
507011160,11268,6881,444,3943,34.99
507011161,17454,9972,563,6919,39.64
507011163,7631,5161,321,2149,28.16
507011259,10128,6368,378,3382,33.39
507011260,2446,1494,59,893,36.51
507021164,7819,5574,353,1892,24.2
507021165,16720,10702,1090,4928,29.47
507021166,15372,10083,833,4456,28.99
507021167,5,0,0,5,100.0
507031169,17953,9854,719,7380,41.11
507031170,7434,4778,485,2171,29.2
507031172,75,52,7,16,21.33
507031173,24,11,0,13,54.17
507031174,11286,7028,775,3483,30.86
507031261,9084,5986,253,2845,31.32
507041175,11725,6803,341,4581,39.07
507041176,3832,2080,109,1643,42.88
507041177,14778,10548,604,3626,24.54
507041178,15476,9195,426,5855,37.83
507041179,8030,4122,275,3633,45.24
507041180,10883,6696,197,3990,36.66
507041181,17452,12380,566,4506,25.82
507041182,12489,7160,569,4760,38.11
507041183,5447,3751,319,1377,25.28
507041184,6020,3062,139,2819,46.83
507051186,8503,5501,552,2450,28.81
507051187,13477,8849,708,3920,29.09
507051188,16411,9392,1560,5459,33.26
507051189,3,0,0,3,100.0
507051190,12039,7810,779,3450,28.66
507051191,22178,14602,870,6706,30.24
507051192,12539,7993,748,3798,30.29
507051193,10741,7289,525,2927,27.25
507051312,11651,7348,658,3645,31.28
507051313,26046,16503,1144,8399,32.25
507051314,2096,1445,101,550,26.24
509011225,14828,10875,794,3159,21.3
509011226,3707,2758,310,639,17.24
509011227,5211,4001,247,963,18.48
509011228,6310,4240,631,1439,22.81
509011229,2862,2213,291,358,12.51
509011230,4512,3090,500,922,20.43
509011231,4053,3099,424,530,13.08
509011232,3679,2784,186,709,19.27
509011233,11333,8833,536,1964,17.33
509011234,5388,3736,619,1033,19.17
509011235,0,0,0,0,0
509021236,5930,3991,549,1390,23.44
509021237,3789,2778,552,459,12.11
509021238,3801,3003,363,435,11.44
509021239,8929,6117,895,1917,21.47
509021240,4893,3679,682,532,10.87
509021241,4471,3251,603,617,13.8
509021242,3005,2155,441,409,13.61
509021243,11358,8181,1130,2047,18.02
509021244,4601,3051,546,1004,21.82
509021245,5158,3673,560,925,17.93
509031246,3504,2758,317,429,12.24
509031247,4249,3272,546,431,10.14
509031248,2376,1781,246,349,14.69
509031249,4370,3150,477,743,17.0
509031250,4859,3683,549,627,12.9
510011262,14660,10351,2050,2259,15.41
510011263,7045,5449,1078,518,7.35
510011264,3603,3038,380,185,5.13
510011265,7477,5225,1308,944,12.63
510011266,2310,1878,244,188,8.14
510021267,5910,2959,1856,1095,18.53
510021268,4239,2696,509,1034,24.39
510021269,4253,2806,565,882,20.74
510021270,11046,7018,1712,2316,20.97
510031271,7391,4574,1422,1395,18.87
510031272,17013,11038,2538,3437,20.2
510031273,5187,3503,985,699,13.48
511011274,12003,9080,1356,1567,13.06
511011275,3966,2921,426,619,15.61
511021276,4879,3119,886,874,17.91
511021277,4659,3240,531,888,19.06
511031278,7150,4758,1107,1285,17.97
511031279,13213,8537,1075,3601,27.25
511031280,8711,6062,557,2092,24.02
511031281,0,0,0,0,0
511031282,4389,2614,1034,741,16.88
511031283,4804,2946,1230,628,13.07
511031284,0,0,0,0,0
511041285,11888,8779,1229,1880,15.81
511041286,7824,6111,924,789,10.08
511041287,8546,6718,689,1139,13.33
511041288,10333,7983,614,1736,16.8
511041289,3680,2773,444,463,12.58
511041290,3153,1685,1020,448,14.21
511041291,3876,2752,705,419,10.81
511041292,5679,4094,882,703,12.38
597979799,514,151,215,148,28.79
599999499,8055,4775,1851,1429,17.74
601011001,8150,6851,882,417,5.12
601011002,6449,5942,205,302,4.68
601011003,4989,4305,126,558,11.18
601021004,6522,4969,274,1279,19.61
601021005,8573,7413,210,950,11.08
601021006,3452,2936,71,445,12.89
601021007,11627,9604,268,1755,15.09
601021008,7830,6085,290,1455,18.58
601021009,5168,3927,387,854,16.52
601021010,3501,3046,191,264,7.54
601021011,7874,6420,504,950,12.07
601021012,4616,3967,177,472,10.23
601031013,4297,3737,105,455,10.59
601031014,5748,4626,355,767,13.34
601031015,8397,6789,444,1164,13.86
601031016,4709,3321,284,1104,23.44
601031017,12287,8175,698,3414,27.79
601031018,5142,3873,208,1061,20.63
601031019,5737,3902,255,1580,27.54
601031020,7293,6282,496,515,7.06
601031021,4398,2872,173,1353,30.76
601041022,13473,9636,406,3431,25.47
601041023,11051,8404,282,2365,21.4
601041024,8482,7004,306,1172,13.82
601041025,0,0,0,0,0
601041026,3637,2680,88,869,23.89
601051027,9025,5410,598,3017,33.43
601051028,9033,6818,242,1973,21.84
601051029,5053,3373,181,1499,29.67
601051030,6606,4466,302,1838,27.82
601051031,12326,7437,465,4424,35.89
601051032,6727,4866,287,1574,23.4
601051033,6397,4759,175,1463,22.87
601061034,8521,7030,715,776,9.11
601061035,9993,8297,523,1173,11.74
602011036,3498,2378,430,690,19.73
602011037,4941,4048,164,729,14.75
602011038,5421,3918,271,1232,22.73
602011039,4769,3933,130,706,14.8
602011040,4048,2542,246,1260,31.13
602011041,9628,6887,624,2117,21.99
602011042,5449,4341,238,870,15.97
602011043,4031,3400,132,499,12.38
602011044,6777,5732,241,804,11.86
602011045,3804,3189,370,245,6.44
602011046,7275,5780,243,1252,17.21
602011047,4846,3714,220,912,18.82
602011048,4958,4240,214,504,10.17
602011049,4826,3919,124,783,16.22
602011050,3932,3477,185,270,6.87
602011051,4215,3412,119,684,16.23
602011052,4921,4292,113,516,10.49
602021053,4045,3239,339,467,11.55
602021054,6114,4750,441,923,15.1
602021055,6136,4703,438,995,16.22
602021056,3605,3225,148,232,6.44
602021057,4351,3588,281,482,11.08
602031058,4354,3566,344,444,10.2
602031059,7118,5785,509,824,11.58
602031060,4428,3709,291,428,9.67
602031061,3700,3035,351,314,8.49
602031062,5482,4768,211,503,9.18
602031064,6756,5318,551,887,13.13
602031099,922,735,91,96,10.41
602031100,6835,5654,571,610,8.92
603011065,2427,1926,262,239,9.85
603011066,3324,2753,259,312,9.39
603011067,6675,5673,603,399,5.98
603011068,8,0,3,5,62.5
603021069,3447,2542,250,655,19.0
603021070,4802,3564,392,846,17.62
603021071,4051,3106,344,601,14.84
603021072,9405,7455,669,1281,13.62
603031073,2593,1995,266,332,12.8
603031074,4988,3854,403,731,14.66
604011075,3270,2767,218,285,8.72
604011076,5175,4376,363,436,8.43
604011077,3779,3051,257,471,12.46
604011078,6777,5697,315,765,11.29
604011079,5417,4541,335,541,9.99
604011080,3535,3096,142,297,8.4
604011081,4067,3493,250,324,7.97
604011082,7088,6037,431,620,8.75
604011083,4515,3773,342,400,8.86
604011084,6388,5344,399,645,10.1
604021085,14481,12087,749,1645,11.36
604021086,5075,4031,407,637,12.55
604021087,5385,4595,302,488,9.06
604021088,3661,3164,104,393,10.73
604021089,6472,5330,396,746,11.53
604021090,3116,2763,97,256,8.22
604021091,6619,5265,548,806,12.18
604021092,3478,2925,182,371,10.67
604031093,1617,1240,162,215,13.3
604031094,4188,3290,407,491,11.72
604031095,3934,3197,371,366,9.3
604031096,3843,3091,313,439,11.42
604031097,4267,3304,491,472,11.06
604031098,0,0,0,0,0
697979799,19,6,3,10,52.63
699999499,1377,973,242,162,11.76
701011001,23,4,0,19,82.61
701011002,7149,3063,815,3271,45.75
701011003,0,0,0,0,0
701011004,3602,2298,294,1010,28.04
701011005,3943,2127,396,1420,36.01
701011006,2563,1825,161,577,22.51
701011007,2819,1742,167,910,32.28
701011008,4101,2238,322,1541,37.58
701011009,2858,1792,169,897,31.39
701021010,2078,1113,183,782,37.63
701021011,2385,1592,188,605,25.37
701021012,1712,958,227,527,30.78
701021013,3430,1593,207,1630,47.52
701021014,0,0,0,0,0
701021015,3,3,0,0,0.0
701021016,2892,1432,215,1245,43.05
701021017,21,15,0,6,28.57
701021018,1841,1283,105,453,24.61
701021019,4803,2944,380,1479,30.79
701021020,4597,2810,352,1435,31.22
701021021,6006,3460,308,2238,37.26
701021022,4341,2859,347,1135,26.15
701021023,2576,1366,229,981,38.08
701021024,2000,1229,137,634,31.7
701021025,3884,2285,246,1353,34.84
701021026,3261,2049,139,1073,32.9
701021027,2511,1462,273,776,30.9
701021028,2023,1013,132,878,43.4
701021029,1836,1160,164,512,27.89
701021030,2510,1698,245,567,22.59
701031031,5100,4174,337,589,11.55
701031032,8387,6624,681,1082,12.9
701031033,15,6,0,9,60.0
701031034,3197,2363,324,510,15.95
701031035,4289,2987,760,542,12.64
701041036,3091,2140,236,715,23.13
701041037,2747,1862,242,643,23.41
701041038,4501,3197,240,1064,23.64
701041039,3142,2071,417,654,20.81
701041040,3053,2114,545,394,12.91
701041041,4456,3243,269,944,21.18
701041042,6451,4079,404,1968,30.51
701041043,6555,4605,604,1346,20.53
701041044,3175,2367,293,515,16.22
702011045,4215,3110,271,834,19.79
702011046,5418,3833,268,1317,24.31
702011047,4585,3001,310,1274,27.79
702011048,4964,3340,293,1331,26.81
702011049,4025,2142,285,1598,39.7
702011050,1961,1444,246,271,13.82
702011051,2706,1953,310,443,16.37
702011052,3912,3627,191,94,2.4
702011053,2839,2566,175,98,3.45
702011054,1851,1692,107,52,2.81
702021055,2203,2022,106,75,3.4
702021056,3080,2333,281,466,15.13
702031057,4242,2863,776,603,14.21
702031058,1890,1605,192,93,4.92
702031059,2118,2006,64,48,2.27
702031060,2348,2158,133,57,2.43
702031061,5204,4954,138,112,2.15
702041062,2541,2101,286,154,6.06
702041063,6983,6655,202,126,1.8
702041064,3267,2079,690,498,15.24
702051065,2283,1990,175,118,5.17
702051066,4189,3546,520,123,2.94
702051067,9658,6833,1354,1471,15.23
702051068,2609,2296,231,82,3.14
797979799,99,56,21,22,22.22
799999499,3500,2106,904,490,14.0
801011001,2605,1854,84,667,25.6
801011002,8502,3843,378,4281,50.35
801011003,7520,4367,238,2915,38.76
801011004,3055,2272,117,666,21.8
801011005,2965,2147,99,719,24.25
801011006,7265,5550,192,1523,20.96
801011007,5531,4307,116,1108,20.03
801011008,4781,3131,137,1513,31.65
801011009,3671,2850,92,729,19.86
801011010,2126,1728,42,356,16.75
801011011,3372,2543,96,733,21.74
801011012,3,3,0,0,0.0
801011013,3008,2147,95,766,25.47
801011014,3321,2458,91,772,23.25
801011015,5628,4029,175,1424,25.3
801011016,7672,5210,223,2239,29.18
801011017,3767,2882,141,744,19.75
801011018,2739,1205,168,1366,49.87
801011019,7049,5020,162,1867,26.49
801011020,3104,2000,165,939,30.25
801011021,2740,1823,96,821,29.96
801011022,3383,2558,107,718,21.22
801011023,3054,1963,144,947,31.01
801011024,3069,2156,109,804,26.2
801011025,2587,2080,91,416,16.08
801011026,2795,2071,61,663,23.72
801011111,12,13,3,0,0.0
801011142,0,0,0,0,0
801011143,714,329,33,352,49.3
801011144,25,9,6,10,40.0
801031031,395,321,25,49,12.41
801031032,25,20,3,2,8.0
801031113,1097,554,328,215,19.6
801031114,125,75,31,19,15.2
801031115,296,197,53,46,15.54
801041034,6129,4384,174,1571,25.63
801041035,7339,4142,230,2967,40.43
801041036,6471,4261,182,2028,31.34
801041037,4800,2927,102,1771,36.9
801041038,4435,2939,123,1373,30.96
801041039,7484,3519,251,3714,49.63
801041040,8586,4157,311,4118,47.96
801041043,298,259,5,34,11.41
801041044,8244,4600,237,3407,41.33
801041045,7,0,6,1,14.29
801041046,10957,7586,321,3050,27.84
801041047,6680,4619,110,1951,29.21
801041048,5579,3665,171,1743,31.24
801041116,0,0,0,0,0
801041117,0,0,0,0,0
801041118,712,369,25,318,44.66
801041119,19,7,9,3,15.79
801041120,5310,2852,196,2262,42.6
801041121,2220,955,79,1186,53.42
801041122,2405,1150,51,1204,50.06
801051049,2848,1613,490,745,26.16
801051050,5376,4029,165,1182,21.99
801051051,6383,3926,309,2148,33.65
801051053,4835,2155,533,2147,44.41
801051054,3292,2189,110,993,30.16
801051055,4296,2907,151,1238,28.82
801051056,3227,2475,88,664,20.58
801051057,5703,3517,312,1874,32.86
801051058,5917,4289,148,1480,25.01
801051060,4470,2911,149,1410,31.54
801051061,6727,4753,218,1756,26.1
801051123,0,0,0,0,0
801051124,4588,3315,247,1026,22.36
801051125,1974,1311,350,313,15.86
801051126,0,0,0,0,0
801051127,1544,986,100,458,29.66
801051128,0,0,0,0,0
801061062,3124,2166,134,824,26.38
801061063,1827,1317,51,459,25.12
801061064,5328,3722,188,1418,26.61
801061066,0,0,0,0,0
801061067,6455,4274,361,1820,28.2
801061068,3,0,3,0,0.0
801061069,3146,2150,91,905,28.77
801061070,3120,2116,122,882,28.27
801061129,1946,1217,226,503,25.85
801061130,52,36,6,10,19.23
801061131,6579,4363,608,1608,24.44
801071071,5100,4049,127,924,18.12
801071072,3839,2785,110,944,24.59
801071073,5730,4489,176,1065,18.59
801071074,5268,4136,159,973,18.47
801071075,5108,3963,127,1018,19.93
801071076,3006,2263,35,708,23.55
801071077,2706,2151,67,488,18.03
801071078,7892,6027,224,1641,20.79
801071079,3140,2429,76,635,20.22
801071080,4129,2665,174,1290,31.24
801071081,4329,3227,106,996,23.01
801071082,15670,11891,549,3230,20.61
801071083,1405,1161,7,237,16.87
801071084,5644,4079,145,1420,25.16
801071085,0,0,0,0,0
801071086,1703,1328,55,320,18.79
801071087,3058,2311,105,642,20.99
801071088,3798,3042,84,672,17.69
801071089,43,28,5,10,23.26
801071090,7885,5897,228,1760,22.32
801071132,13,9,0,4,30.77
801081091,2867,2170,62,635,22.15
801081092,3395,2599,96,700,20.62
801081093,3219,2372,127,720,22.37
801081094,2816,2075,97,644,22.87
801081095,3354,2521,138,695,20.72
801081096,2191,1573,63,555,25.33
801081097,2785,2062,117,606,21.76
801081098,4000,2850,140,1010,25.25
801081133,0,0,0,0,0
801091099,2680,1803,73,804,30.0
801091100,5569,4087,148,1334,23.95
801091101,3787,2658,148,981,25.9
801091102,3706,2295,159,1252,33.78
801091103,3210,2287,106,817,25.45
801091104,2379,1466,64,849,35.69
801091105,3271,1981,137,1153,35.25
801091106,3440,2133,133,1174,34.13
801091107,928,492,34,402,43.32
801091108,2687,1950,84,653,24.3
801091109,5197,2712,206,2279,43.85
801091110,2424,1752,88,584,24.09
801101134,13,6,5,2,15.38
801101135,4851,2646,141,2064,42.55
801101136,2759,1538,70,1151,41.72
801101137,0,0,0,0,0
801101139,3808,2232,126,1450,38.08
801101145,4,0,4,0,0.0
801101146,7,4,0,3,42.86
801111140,556,476,28,52,9.35
801111141,63,54,16,0,0.0
897979799,0,0,0,0,0
899999499,605,384,110,111,18.35
901011001,1692,690,256,746,44.09
901021002,593,436,109,48,8.09
901031003,310,203,93,14,4.52
901041004,2188,1345,270,573,26.19
997979799,0,0,0,0,0
999999499,11,12,3,0,0.0
