origin_country,origin_label,origin_lon,origin_lat,destination_state,destination_abbr,dest_lon,dest_lat,settlers,country_rank,flow_rank,country_total,point_order,lon,lat,point_type
INDIA,India,78.9629,22.5937,Victoria,VIC,144.9631,-37.8136,189927,1,1,481033,1,78.9629,22.5937,origin
INDIA,India,78.9629,22.5937,Victoria,VIC,144.9631,-37.8136,189927,1,1,481033,2,144.9631,-37.8136,destination
INDIA,India,78.9629,22.5937,New South Wales,NSW,151.2093,-33.8688,131781,1,2,481033,1,78.9629,22.5937,origin
INDIA,India,78.9629,22.5937,New South Wales,NSW,151.2093,-33.8688,131781,1,2,481033,2,151.2093,-33.8688,destination
"CHINA, PEOPLES REPUBLIC OF",China,104.1954,35.8617,New South Wales,NSW,151.2093,-33.8688,103706,2,1,285359,1,104.1954,35.8617,origin
"CHINA, PEOPLES REPUBLIC OF",China,104.1954,35.8617,New South Wales,NSW,151.2093,-33.8688,103706,2,1,285359,2,151.2093,-33.8688,destination
"CHINA, PEOPLES REPUBLIC OF",China,104.1954,35.8617,Victoria,VIC,144.9631,-37.8136,101427,2,2,285359,1,104.1954,35.8617,origin
"CHINA, PEOPLES REPUBLIC OF",China,104.1954,35.8617,Victoria,VIC,144.9631,-37.8136,101427,2,2,285359,2,144.9631,-37.8136,destination
PHILIPPINES,Philippines,121.774,12.8797,New South Wales,NSW,151.2093,-33.8688,38798,3,1,130342,1,121.774,12.8797,origin
PHILIPPINES,Philippines,121.774,12.8797,New South Wales,NSW,151.2093,-33.8688,38798,3,1,130342,2,151.2093,-33.8688,destination
PHILIPPINES,Philippines,121.774,12.8797,Victoria,VIC,144.9631,-37.8136,32515,3,2,130342,1,121.774,12.8797,origin
PHILIPPINES,Philippines,121.774,12.8797,Victoria,VIC,144.9631,-37.8136,32515,3,2,130342,2,144.9631,-37.8136,destination
NEPAL,Nepal,84.124,28.3949,New South Wales,NSW,151.2093,-33.8688,57348,4,1,119962,1,84.124,28.3949,origin
NEPAL,Nepal,84.124,28.3949,New South Wales,NSW,151.2093,-33.8688,57348,4,1,119962,2,151.2093,-33.8688,destination
NEPAL,Nepal,84.124,28.3949,Victoria,VIC,144.9631,-37.8136,21222,4,2,119962,1,84.124,28.3949,origin
NEPAL,Nepal,84.124,28.3949,Victoria,VIC,144.9631,-37.8136,21222,4,2,119962,2,144.9631,-37.8136,destination
UNITED KINGDOM,United Kingdom,-3.436,55.3781,New South Wales,NSW,151.2093,-33.8688,30380,5,1,98288,1,-3.436,55.3781,origin
UNITED KINGDOM,United Kingdom,-3.436,55.3781,New South Wales,NSW,151.2093,-33.8688,30380,5,1,98288,2,151.2093,-33.8688,destination
UNITED KINGDOM,United Kingdom,-3.436,55.3781,Queensland,QLD,153.026,-27.4705,21141,5,2,98288,1,-3.436,55.3781,origin
UNITED KINGDOM,United Kingdom,-3.436,55.3781,Queensland,QLD,153.026,-27.4705,21141,5,2,98288,2,153.026,-27.4705,destination
PAKISTAN,Pakistan,69.3451,30.3753,Victoria,VIC,144.9631,-37.8136,29693,6,1,80988,1,69.3451,30.3753,origin
PAKISTAN,Pakistan,69.3451,30.3753,Victoria,VIC,144.9631,-37.8136,29693,6,1,80988,2,144.9631,-37.8136,destination
PAKISTAN,Pakistan,69.3451,30.3753,New South Wales,NSW,151.2093,-33.8688,25491,6,2,80988,1,69.3451,30.3753,origin
PAKISTAN,Pakistan,69.3451,30.3753,New South Wales,NSW,151.2093,-33.8688,25491,6,2,80988,2,151.2093,-33.8688,destination
