origin_country,origin_label,origin_lon,origin_lat,destination_state,destination_abbr,dest_lon,dest_lat,settlers,country_rank,country_total
INDIA,India,78.9629,22.5937,Victoria,VIC,144.9631,-37.8136,189927,1,481033
INDIA,India,78.9629,22.5937,New South Wales,NSW,151.2093,-33.8688,131781,1,481033
INDIA,India,78.9629,22.5937,Queensland,QLD,153.026,-27.4705,55306,1,481033
"CHINA, PEOPLES REPUBLIC OF",China,104.1954,35.8617,New South Wales,NSW,151.2093,-33.8688,103706,2,285359
"CHINA, PEOPLES REPUBLIC OF",China,104.1954,35.8617,Victoria,VIC,144.9631,-37.8136,101427,2,285359
"CHINA, PEOPLES REPUBLIC OF",China,104.1954,35.8617,Queensland,QLD,153.026,-27.4705,33953,2,285359
PHILIPPINES,Philippines,121.774,12.8797,New South Wales,NSW,151.2093,-33.8688,38798,3,130342
PHILIPPINES,Philippines,121.774,12.8797,Victoria,VIC,144.9631,-37.8136,32515,3,130342
PHILIPPINES,Philippines,121.774,12.8797,Queensland,QLD,153.026,-27.4705,24773,3,130342
NEPAL,Nepal,84.124,28.3949,New South Wales,NSW,151.2093,-33.8688,57348,4,119962
NEPAL,Nepal,84.124,28.3949,Victoria,VIC,144.9631,-37.8136,21222,4,119962
NEPAL,Nepal,84.124,28.3949,Queensland,QLD,153.026,-27.4705,11084,4,119962
UNITED KINGDOM,United Kingdom,-3.436,55.3781,New South Wales,NSW,151.2093,-33.8688,30380,5,98288
UNITED KINGDOM,United Kingdom,-3.436,55.3781,Queensland,QLD,153.026,-27.4705,21141,5,98288
UNITED KINGDOM,United Kingdom,-3.436,55.3781,Victoria,VIC,144.9631,-37.8136,19492,5,98288
PAKISTAN,Pakistan,69.3451,30.3753,Victoria,VIC,144.9631,-37.8136,29693,6,80988
PAKISTAN,Pakistan,69.3451,30.3753,New South Wales,NSW,151.2093,-33.8688,25491,6,80988
PAKISTAN,Pakistan,69.3451,30.3753,Western Australia,WA,115.8605,-31.9505,10058,6,80988
VIETNAM,Vietnam,108.2772,14.0583,Victoria,VIC,144.9631,-37.8136,27856,7,77895
VIETNAM,Vietnam,108.2772,14.0583,New South Wales,NSW,151.2093,-33.8688,26464,7,77895
VIETNAM,Vietnam,108.2772,14.0583,Queensland,QLD,153.026,-27.4705,8795,7,77895
SRI LANKA,Sri Lanka,80.7718,7.8731,Victoria,VIC,144.9631,-37.8136,28932,8,58410
SRI LANKA,Sri Lanka,80.7718,7.8731,New South Wales,NSW,151.2093,-33.8688,10367,8,58410
SRI LANKA,Sri Lanka,80.7718,7.8731,Queensland,QLD,153.026,-27.4705,5603,8,58410
